,0,1,2,3
0,absorb ,v.,,
1,abstract ,adj.,,
2,accent ,n.,,
3,accidentally ,adv.,,
4,accommodate ,v.,,
5,accomplish ,v.,,
6,accountant ,n.,,
7,accuracy ,n.,,
8,accurately ,adv.,,
9,acid ,n.,,
10,activate ,v.,,
11,addiction ,n.,,
12,additionally ,adv.,,
13,adequate ,adj.,,
14,adequately ,adv.,,
15,adjust ,v.,,
16,affordable ,adj.,,
17,agriculture ,n.,,
18,AIDS ,n.,,
19,alien ,n.,,
20,alongside ,prep.,,
21,altogether ,adv.,,
22,ambulance ,n.,,
23,amusing ,adj.,,
24,analyst ,n.,,
25,ancestor ,n.,,
26,animation ,n.,,
27,annually ,adv.,,
28,anticipate ,v.,,
29,anxiety ,n.,,
30,apology ,n.,,
31,applicant ,n.,,
32,appropriately ,adv.,,
33,arrow ,n.,,
34,artwork ,n.,,
35,aside ,adv.,,
36,asset ,n.,,
37,assign ,v.,,
38,assistance ,n.,,
39,assumption ,n.,,
40,assure ,v.,,
41,astonishing ,adj.,,
42,attachment ,n.,,
43,auction ,n.,,
44,audio ,adj.,,
45,automatic ,adj.,,
46,automatically ,adv.,,
47,awareness ,n.,,
48,awkward ,adj.,,
49,badge ,n.,,
50,balanced ,adj.,,
51,ballet ,n.,,
52,balloon ,n.,,
53,barely ,adv.,,
54,bargain ,n.,,
55,basement ,n.,,
56,basket ,n.,,
57,bat ,n.,,
58,beneficial ,adj.,,
59,beside ,prep.,,
60,besides ,prep.,adv.,
61,besides ,prep.,adv.,
62,bias ,n.,,
63,bid ,n.,v.,
64,bid ,n.,v.,
65,biological ,adj.,,
66,blanket ,n.,,
67,blow ,n.,,
68,bold ,adj.,,
69,bombing ,n.,,
70,booking ,n.,,
71,boost ,v.,n.,
72,boost ,v.,n.,
73,bound ,adj.,,
74,brick ,n.,,
75,briefly ,adv.,,
76,broadcaster ,n.,,
77,broadly ,adv.,,
78,bug ,n.,,
79,cabin ,n.,,
80,canal ,n.,,
81,candle ,n.,,
82,carbon ,n.,,
83,casual ,adj.,,
84,cave ,n.,,
85,certainty ,n.,,
86,certificate ,n.,,
87,challenging ,adj.,,
88,championship ,n.,,
89,charming ,adj.,,
90,chase ,v.,n.,
91,chase ,v.,n.,
92,cheek ,n.,,
93,cheer ,v.,n.,
94,cheer ,v.,n.,
95,choir ,n.,,
96,chop ,v.,,
97,circuit ,n.,,
98,civilization ,n.,,
99,clarify ,v.,,
100,classify ,v.,,
101,clerk ,n.,,
102,cliff ,n.,,
103,clinic ,n.,,
104,clip ,n.,,
105,coincidence ,n.,,
106,collector ,n.,,
107,colony ,n.,,
108,colourful ,adj.,,
109,comic ,adj.,n.,
110,comic ,adj.,n.,
111,commander ,n.,,
112,comparative ,adj.,,
113,completion ,n.,,
114,compose ,v.,,
115,composer ,n.,,
116,compound ,n.,,
117,comprehensive ,adj.,,
118,comprise ,v.,,
119,compulsory ,adj.,,
120,concrete ,adj.,n.,
121,concrete ,adj.,n.,
122,confess ,v.,,
123,confusion ,n.,,
124,consequently ,adv.,,
125,conservation ,n.,,
126,considerable ,adj.,,
127,considerably ,adv.,,
128,consistently ,adv.,,
129,conspiracy ,n.,,
130,consult ,v.,,
131,consultant ,n.,,
132,consumption ,n.,,
133,controversial ,adj.,,
134,controversy ,n.,,
135,convenience ,n.,,
136,convention ,n.,,
137,conventional ,adj.,,
138,convey ,v.,,
139,convincing ,adj.,,
140,cope ,v.,,
141,corporation ,n.,,
142,corridor ,n.,,
143,counter ,n.,,
144,coverage ,n.,,
145,crack ,v.,n.,
146,crack ,v.,n.,
147,craft ,n.,,
148,creativity ,n.,,
149,critically ,adv.,,
150,cruise ,n.,v.,
151,cruise ,n.,v.,
152,cue ,n.,,
153,curious ,adj.,,
154,curriculum ,n.,,
155,cute ,adj.,,
156,dairy ,n.,adj.,
157,dairy ,n.,adj.,
158,dare ,v.,,
159,darkness ,n.,,
160,database ,n.,,
161,deadline ,n.,,
162,deadly ,adj.,,
163,dealer ,n.,,
164,deck ,n.,,
165,defender ,n.,,
166,delete ,v.,,
167,democracy ,n.,,
168,democratic ,adj.,,
169,demonstration ,n.,,
170,depart ,v.,,
171,dependent ,adj.,,
172,deposit ,n.,,
173,depression ,n.,,
174,derive ,v.,,
175,desperately ,adv.,,
176,destruction ,n.,,
177,determination ,n.,,
178,devote ,v.,,
179,differ ,v.,,
180,disability ,n.,,
181,disabled ,adj.,,
182,disagreement ,n.,,
183,disappoint ,v.,,
184,disappointment ,n.,,
185,discourage ,v.,,
186,disorder ,n.,,
187,distant ,adj.,,
188,distinct ,adj.,,
189,distinguish ,v.,,
190,distract ,v.,,
191,disturb ,v.,,
192,dive ,v.,n.,
193,dive ,v.,n.,
194,diverse ,adj.,,
195,diversity ,n.,,
196,divorce ,n.,v.,
197,divorce ,n.,v.,
198,dominant ,adj.,,
199,donation ,n.,,
200,dot ,n.,,
201,downtown ,n.,adj.,adv.
202,downtown ,n.,adj.,adv.
203,downtown ,n.,adj.,adv.
204,dramatically ,adv.,,
205,drought ,n.,,
206,dull ,adj.,,
207,dump ,v.,,
208,duration ,n.,,
209,dynamic ,adj.,,
210,economics ,n.,,
211,economist ,n.,,
212,editorial ,adj.,,
213,efficiently ,adv.,,
214,elbow ,n.,,
215,electronics ,n.,,
216,elegant ,adj.,,
217,elementary ,adj.,,
218,eliminate ,v.,,
219,embrace ,v.,,
220,emission ,n.,,
221,emotionally ,adv.,,
222,empire ,n.,,
223,enjoyable ,adj.,,
224,entertaining ,adj.,,
225,entrepreneur ,n.,,
226,envelope ,n.,,
227,equip ,v.,,
228,equivalent ,n.,adj.,
229,equivalent ,n.,adj.,
230,era ,n.,,
231,erupt ,v.,,
232,essentially ,adv.,,
233,ethic ,n.,,
234,ethnic ,adj.,,
235,evaluation ,n.,,
236,evident ,adj.,,
237,evolution ,n.,,
238,evolve ,v.,,
239,exceed ,v.,,
240,exception ,n.,,
241,excessive ,adj.,,
242,exclude ,v.,,
243,exhibit ,v.,n.,
244,exhibit ,v.,n.,
245,exit ,n.,,
246,exotic ,adj.,,
247,expansion ,n.,,
248,expertise ,n.,,
249,exploit ,v.,,
250,exposure ,n.,,
251,extension ,n.,,
252,extensive ,adj.,,
253,extensively ,adv.,,
254,extract ,n.,,
255,fabric ,n.,,
256,fabulous ,adj.,,
257,failed ,adj.,,
258,fake ,adj.,,
259,fame ,n.,,
260,fantasy ,n.,,
261,fare ,n.,,
262,federal ,adj.,,
263,fever ,n.,,
264,firefighter ,n.,,
265,firework ,n.,,
266,firm ,adj.,,
267,firmly ,adv.,,
268,flavour ,n.,,
269,fond ,adj.,,
270,fool ,n.,,
271,forbid ,v.,,
272,forecast ,n.,v.,
273,forecast ,n.,v.,
274,format ,n.,,
275,formation ,n.,,
276,formerly ,adv.,,
277,fortunate ,adj.,,
278,forum ,n.,,
279,fossil ,n.,,
280,foundation ,n.,,
281,founder ,n.,,
282,fraction ,n.,,
283,fragment ,n.,,
284,framework ,n.,,
285,fraud ,n.,,
286,freely ,adv.,,
287,frequent ,adj.,,
288,fulfil ,v.,,
289,full-time ,adj./adv.,,
290,fundamentally ,adv.,,
291,furious ,adj.,,
292,gaming ,n.,,
293,gay ,adj.,,
294,gender ,n.,,
295,gene ,n.,,
296,genetic ,adj.,,
297,genius ,n.,,
298,genuine ,adj.,,
299,genuinely ,adv.,,
300,gesture ,n.,,
301,gig ,n.,,
302,globalization ,n.,,
303,globe ,n.,,
304,golden ,adj.,,
305,goodness ,n.,,
306,gorgeous ,adj.,,
307,governor ,n.,,
308,graphic ,adj.,,
309,graphics ,n.,,
310,greatly ,adv.,,
311,greenhouse ,n.,,
312,grocery ,n.,,
313,guideline ,n.,,
314,habitat ,n.,,
315,harbour ,n.,,
316,headquarters ,n.,,
317,heal ,v.,,
318,healthcare ,n.,,
319,helmet ,n.,,
320,hence ,adv.,,
321,herb ,n.,,
322,hidden ,adj.,,
323,highway ,n.,,
324,hilarious ,adj.,,
325,hip ,n.,,
326,historian ,n.,,
327,homeless ,adj.,,
328,honesty ,n.,,
329,hook ,n.,,
330,hopefully ,adv.,,
331,hunger ,n.,,
332,hypothesis ,n.,,
333,icon ,n.,,
334,ID ,n.,,
335,identical ,adj.,,
336,illusion ,n.,,
337,immigration ,n.,,
338,immune ,adj.,,
339,implement ,v.,,
340,implication ,n.,,
341,incentive ,n.,,
342,incorporate ,v.,,
343,incorrect ,adj.,,
344,independence ,n.,,
345,index ,n.,,
346,indication ,n.,,
347,inevitable ,adj.,,
348,inevitably ,adv.,,
349,infer ,v.,,
350,inflation ,n.,,
351,info ,n.,,
352,infrastructure ,n.,,
353,inhabitant ,n.,,
354,inherit ,v.,,
355,ink ,n.,,
356,innovation ,n.,,
357,innovative ,adj.,,
358,input ,n.,,
359,insert ,v.,,
360,inspector ,n.,,
361,installation ,n.,,
362,instant ,adj.,,
363,instantly ,adv.,,
364,integrate ,v.,,
365,intellectual ,adj.,,
366,interact ,v.,,
367,interaction ,n.,,
368,interpretation ,n.,,
369,interval ,n.,,
370,invade ,v.,,
371,invasion ,n.,,
372,investor ,n.,,
373,isolate ,v.,,
374,isolated ,adj.,,
375,jail ,n.,v.,
376,jail ,n.,v.,
377,jet ,n.,,
378,joint ,adj.,n.,
379,joint ,adj.,n.,
380,journalism ,n.,,
381,jury ,n.,,
382,kit ,n.,,
383,ladder ,n.,,
384,landing ,n.,,
385,lane ,n.,,
386,lately ,adv.,,
387,leaflet ,n.,,
388,legend ,n.,,
389,lens ,n.,,
390,lifetime ,n.,,
391,lighting ,n.,,
392,likewise ,adv.,,
393,limitation ,n.,,
394,literally ,adv.,,
395,literary ,adj.,,
396,litre ,n.,,
397,litter ,n.,,
398,logo ,n.,,
399,lottery ,n.,,
400,loyal ,adj.,,
401,lyric ,n.,,
402,magnificent ,adj.,,
403,make-up ,n.,,
404,making ,n.,,
405,manufacture ,v.,,
406,manufacturing ,n.,,
407,marathon ,n.,,
408,margin ,n.,,
409,marker ,n.,,
410,martial ,adj.,,
411,mate ,n.,v.,
412,mate ,n.,v.,
413,mayor ,n.,,
414,mechanic ,n.,,
415,mechanical ,adj.,,
416,mechanism ,n.,,
417,medal ,n.,,
418,medication ,n.,,
419,membership ,n.,,
420,memorable ,adj.,,
421,metaphor ,n.,,
422,miner ,n.,,
423,miserable ,adj.,,
424,mode ,n.,,
425,modest ,adj.,,
426,monster ,n.,,
427,monthly ,adj.,,
428,monument ,n.,,
429,moreover ,adv.,,
430,mortgage ,n.,,
431,mosque ,n.,,
432,motion ,n.,,
433,motivate ,v.,,
434,motivation ,n.,,
435,moving ,adj.,,
436,myth ,n.,,
437,naked ,adj.,,
438,nasty ,adj.,,
439,navigation ,n.,,
440,nearby ,adj.,adv.,
441,nearby ,adj.,adv.,
442,necessity ,n.,,
443,negotiate ,v.,,
444,negotiation ,n.,,
445,neutral ,adj.,,
446,newly ,adv.,,
447,norm ,n.,,
448,notebook ,n.,,
449,novelist ,n.,,
450,nowadays ,adv.,,
451,nursing ,adj.,,
452,nutrition ,n.,,
453,obesity ,n.,,
454,observer ,n.,,
455,obstacle ,n.,,
456,occupation ,n.,,
457,occupy ,v.,,
458,offender ,n.,,
459,ongoing ,adj.,,
460,openly ,adv.,,
461,opera ,n.,,
462,operator ,n.,,
463,optimistic ,adj.,,
464,orchestra ,n.,,
465,organic ,adj.,,
466,outfit ,n.,,
467,output ,n.,,
468,outstanding ,adj.,,
469,overcome ,v.,,
470,overnight ,adv.,,
471,overseas ,adv.,adj.,
472,overseas ,adv.,adj.,
473,ownership ,n.,,
474,oxygen ,n.,,
475,packet ,n.,,
476,palm ,n.,,
477,panic ,n.,,
478,parade ,n.,,
479,parallel ,adj.,n.,
480,parallel ,adj.,n.,
481,participation ,n.,,
482,partnership ,n.,,
483,part-time ,adj./adv.,,
484,passionate ,adj.,,
485,password ,n.,,
486,patience ,n.,,
487,pause ,v.,n.,
488,pause ,v.,n.,
489,peer ,n.,,
490,penalty ,n.,,
491,perceive ,v.,,
492,perception ,n.,,
493,permanently ,adv.,,
494,pill ,n.,,
495,pity ,n.,,
496,placement ,n.,,
497,portion ,n.,,
498,potentially ,adv.,,
499,precede ,v.,,
500,precious ,adj.,,
501,precise ,adj.,,
502,precisely ,adv.,,
503,predictable ,adj.,,
504,preference ,n.,,
505,pride, n.,,
506,primarily ,adv.,,
507,principal ,adj.,,
508,prior ,adj.,,
509,probability ,n.,,
510,probable ,adj.,,
511,proceed ,v.,,
512,programming ,n.,,
513,progressive ,adj.,,
514,prohibit ,v.,,
515,promising ,adj.,,
516,promotion ,n.,,
517,prompt ,v.,,
518,proportion ,n.,,
519,protein ,n.,,
520,protester ,n.,,
521,psychological ,adj.,,
522,publicity ,n.,,
523,publishing ,n.,,
524,punk ,n.,,
525,purely ,adv.,,
526,pursuit ,n.,,
527,puzzle ,n.,,
528,questionnaire ,n.,,
529,racial ,adj.,,
530,racism ,n.,,
531,racist ,adj.,n.,
532,racist ,adj.,n.,
533,radiation ,n.,,
534,rail ,n.,,
535,random ,adj.,,
536,rat ,n.,,
537,rating ,n.,,
538,reasonably ,adv.,,
539,rebuild ,v.,,
540,receiver ,n.,,
541,recession ,n.,,
542,reckon ,v.,,
543,recognition ,n.,,
544,recovery ,n.,,
545,recruit ,v.,n.,
546,recruit ,v.,n.,
547,recruitment ,n.,,
548,referee ,n.,,
549,refugee ,n.,,
550,registration ,n.,,
551,regulate ,v.,,
552,reinforce ,v.,,
553,relieve ,v.,,
554,relieved ,adj.,,
555,remarkable ,adj.,,
556,remarkably ,adv.,,
557,reporting ,n.,,
558,resign ,v.,,
559,resolution ,n.,,
560,restore ,v.,,
561,restrict ,v.,,
562,restriction ,n.,,
563,retail ,n.,,
564,retirement ,n.,,
565,revenue ,n.,,
566,revision ,n.,,
567,ridiculous ,adj.,,
568,risky ,adj.,,
569,rival ,n.,adj.,
570,rival ,n.,adj.,
571,rob ,v.,,
572,robbery ,n.,,
573,rocket ,n.,,
574,romance ,n.,,
575,rose ,n.,,
576,roughly ,adv.,,
577,ruin ,v.,n.,
578,ruin ,v.,n.,
579,satisfaction ,n.,,
580,scandal ,n.,,
581,scare ,v.,n.,
582,scare ,v.,n.,
583,scenario ,n.,,
584,scholar ,n.,,
585,scholarship ,n.,,
586,scratch ,v.,n.,
587,scratch ,v.,n.,
588,screening ,n.,,
589,seeker ,n.,,
590,seminar ,n.,,
591,settler ,n.,,
592,severely ,adv.,,
593,sexy ,adj.,,
594,shaped ,adj.,,
595,shocking ,adj.,,
596,shore ,n.,,
597,shortage ,n.,,
598,shortly ,adv.,,
599,short-term ,adj.,,
600,sibling ,n.,,
601,signature ,n.,,
602,significance ,n.,,
603,skilled ,adj.,,
604,skull ,n.,,
605,slogan ,n.,,
606,so-called ,adj.,,
607,somehow ,adv.,,
608,sometime ,adv.,,
609,sophisticated ,adj.,,
610,spare ,adj.,,
611,specialize ,v.,,
612,specify ,v.,,
613,spectacular ,adj.,,
614,spectator ,n.,,
615,speculate ,v.,,
616,speculation ,n.,,
617,spice ,n.,,
618,spill ,v.,,
619,spite ,n.,,
620,spoil ,v.,,
621,spokesman ,n.,,
622,spokesperson ,n.,,
623,spokeswoman ,n.,,
624,sponsorship ,n.,,
625,sporting ,adj.,,
626,stall ,n.,,
627,stance ,n.,,
628,starve ,v.,,
629,steadily ,adv.,,
630,steam ,n.,,
631,stimulate ,v.,,
632,strengthen ,v.,,
633,strictly ,adv.,,
634,stroke ,n.,,
635,stunning, adj.,,
636,subsequent ,adj.,,
637,subsequently ,adv.,,
638,suburb ,n.,,
639,suffering ,n.,,
640,sufficient ,adj.,,
641,sufficiently ,adv.,,
642,super ,adj.,,
643,surgeon ,n.,,
644,survival ,n.,,
645,survivor ,n.,,
646,suspend ,v.,,
647,sustainable ,adj.,,
648,swallow ,v.,,
649,sympathetic ,adj.,,
650,tackle ,v.,,
651,tag ,n.,v.,
652,tag ,n.,v.,
653,tap ,v.,n.,
654,tap ,v.,n.,
655,technological ,adj.,,
656,teens ,n.,,
657,temple ,n.,,
658,temporarily ,adv.,,
659,tendency ,n.,,
660,tension ,n.,,
661,terminal ,n.,,
662,terms ,n.,,
663,terribly ,adv.,,
664,terrify ,v.,,
665,territory ,n.,,
666,terror ,n.,,
667,terrorism ,n.,,
668,terrorist ,n.,,
669,testing ,n.,,
670,textbook ,n.,,
671,theft ,n.,,
672,therapist ,n.,,
673,thesis ,n.,,
674,thorough ,adj.,,
675,thoroughly ,adv.,,
676,thumb ,n.,,
677,timing ,n.,,
678,tissue ,n.,,
679,ton ,n.,,
680,tonne ,n.,,
681,tournament ,n.,,
682,trace ,v.,,
683,trading ,n.,,
684,tragedy ,n.,,
685,tragic ,adj.,,
686,trait ,n.,,
687,transmit ,v.,,
688,transportation ,n.,,
689,trap ,v.,n.,
690,trap ,v.,n.,
691,treasure ,n.,,
692,tribe ,n.,,
693,trigger ,v.,,
694,trillion ,number,,
695,troop ,n.,,
696,tsunami ,n.,,
697,ultimate ,adj.,,
698,unacceptable ,adj.,,
699,uncertainty ,n.,,
700,undergo ,v.,,
701,undertake ,v.,,
702,unfold ,v.,,
703,unfortunate ,adj.,,
704,unite ,v.,,
705,unity ,n.,,
706,universal ,adj.,,
707,urgent ,adj.,,
708,usage ,n.,,
709,useless ,adj.,,
710,valid ,adj.,,
711,variation ,n.,,
712,vertical ,adj.,,
713,viewpoint ,n.,,
714,visa ,n.,,
715,visible ,adj.,,
716,voluntary ,adj.,,
717,voting ,n.,,
718,wander ,v.,,
719,warming ,n.,,
720,weekly ,adj.,,
721,weird ,adj.,,
722,welfare, n.,,
723,wheat ,n.,,
724,whoever ,pron.,,
725,widespread ,adj.,,
726,wisdom ,n.,,
727,withdraw ,v.,,
728,workforce ,n.,,
729,workplace ,n.,,
730,workshop ,n.,,
731,worm ,n.,,
732,wrist ,n.,,
733,abolish ,v.,,
734,abortion ,n.,,
735,absence ,n.,,
736,absent ,adj.,,
737,absurd ,adj.,,
738,abundance ,n.,,
739,abuse ,n.,v.,
740,abuse ,n.,v.,
741,academy ,n.,,
742,accelerate ,v.,,
743,acceptance ,n.,,
744,accessible ,adj.,,
745,accomplishment ,n.,,
746,accordance ,n.,,
747,accordingly ,adv.,,
748,accountability ,n.,,
749,accountable ,adj.,,
750,accumulate ,v.,,
751,accumulation ,n.,,
752,accusation ,n.,,
753,accused ,n.,,
754,acid ,adj.,,
755,acquisition ,n.,,
756,acre ,n.,,
757,activation ,n.,,
758,activist ,n.,,
759,acute ,adj.,,
760,adaptation ,n.,,
761,adhere ,v.,,
762,adjacent ,adj.,,
763,adjustment ,n.,,
764,administer ,v.,,
765,administrative ,adj.,,
766,administrator ,n.,,
767,admission ,n.,,
768,adolescent ,n.,,
769,adoption ,n.,,
770,adverse ,adj.,,
771,advocate ,n.,v.,
772,advocate ,n.,v.,
773,aesthetic ,adj.,,
774,affection ,n.,,
775,aftermath ,n.,,
776,aggression ,n.,,
777,agricultural ,adj.,,
778,aide ,n.,,
779,albeit ,conj.,,
780,alert ,v.,n.,adj.
781,alert ,v.,n.,adj.
782,alert ,v.,n.,adj.
783,alien ,adj.,,
784,align ,v.,,
785,alignment ,n.,,
786,alike ,adv.,adj.,
787,alike ,adv.,adj.,
788,allegation ,n.,,
789,allege ,v.,,
790,allegedly ,adv.,,
791,alliance ,n.,,
792,allocate ,v.,,
793,allocation ,n.,,
794,allowance ,n.,,
795,ally ,n.,,
796,aluminium ,n.,,
797,amateur ,adj.,n.,
798,amateur ,adj.,n.,
799,ambassador ,n.,,
800,amend ,v.,,
801,amendment ,n.,,
802,amid ,prep.,,
803,analogy ,n.,,
804,anchor ,n.,,
805,angel ,n.,,
806,anonymous ,adj.,,
807,apparatus ,n.,,
808,appealing ,adj.,,
809,appetite ,n.,,
810,applaud ,v.,,
811,applicable ,adj.,,
812,appoint ,v.,,
813,appreciation ,n.,,
814,arbitrary ,adj.,,
815,architectural ,adj.,,
816,archive ,n.,,
817,arena ,n.,,
818,arguably ,adv.,,
819,arm ,v.,,
820,array ,n.,,
821,articulate ,v.,,
822,ash ,n.,,
823,aspiration ,n.,,
824,aspire ,v.,,
825,assassination ,n.,,
826,assault ,n.,v.,
827,assault ,n.,v.,
828,assemble ,v.,,
829,assembly ,n.,,
830,assert ,v.,,
831,assertion ,n.,,
832,assurance ,n.,,
833,asylum ,n.,,
834,atrocity ,n.,,
835,attain ,v.,,
836,attendance ,n.,,
837,attorney ,n.,,
838,attribute ,v.,n.,
839,attribute ,v.,n.,
840,audit ,n.,,
841,authentic ,adj.,,
842,authorize ,v.,,
843,auto ,n.,,
844,autonomy ,n.,,
845,availability ,n.,,
846,await ,v.,,
847,backdrop ,n.,,
848,backing ,n.,,
849,backup ,n.,,
850,bail ,n.,,
851,ballot ,n.,,
852,banner ,n.,,
853,bare ,adj.,,
854,barrel ,n.,,
855,bass1 ,n.,,
856,bat ,v.,,
857,battlefield ,n.,,
858,bay ,n.,,
859,beam ,n.,,
860,beast ,n.,,
861,behalf ,n.,,
862,beloved ,adj.,,
863,bench ,n.,,
864,benchmark ,n.,,
865,beneath ,prep.,,
866,beneficiary ,n.,,
867,betray ,v.,,
868,bind ,v.,,
869,biography ,n.,,
870,bishop ,n.,,
871,bizarre ,adj.,,
872,blade ,n.,,
873,blast ,n.,v.,
874,blast ,n.,v.,
875,bleed ,v.,,
876,blend ,v.,n.,
877,blend ,v.,n.,
878,bless ,v.,,
879,blessing ,n.,,
880,boast ,v.,,
881,bonus ,n.,,
882,boom ,n.,,
883,bounce ,v.,,
884,boundary ,n.,,
885,bow1 ,v.,n.,
886,bow1 ,v.,n.,
887,breach ,n.,v.,
888,breach ,n.,v.,
889,breakdown ,n.,,
890,breakthrough ,n.,,
891,breed ,v.,n.,
892,breed ,v.,n.,
893,broadband ,n.,,
894,browser ,n.,,
895,brutal ,adj.,,
896,buck ,n.,,
897,buddy ,n.,,
898,buffer ,n.,,
899,bulk ,n.,,
900,burden ,n.,,
901,bureaucracy ,n.,,
902,burial ,n.,,
903,burst ,v.,,
904,cabinet ,n.,,
905,calculation ,n.,,
906,canvas ,n.,,
907,capability ,n.,,
908,capitalism ,n.,,
909,capitalist ,adj.,,
910,cargo ,n.,,
911,carriage ,n.,,
912,carve ,v.,,
913,casino ,n.,,
914,casualty ,n.,,
915,catalogue ,n.,,
916,cater ,v.,,
917,cattle ,n.,,
918,caution ,n.,,
919,cautious ,adj.,,
920,cease ,v.,,
921,cemetery ,n.,,
922,chamber ,n.,,
923,chaos ,n.,,
924,characterize ,v.,,
925,charm ,n.,,
926,charter ,n.,,
927,chronic ,adj.,,
928,chunk ,n.,,
929,circulate ,v.,,
930,circulation ,n.,,
931,citizenship ,n.,,
932,civic ,adj.,,
933,civilian ,n.,adj.,
934,civilian ,n.,adj.,
935,clarity ,n.,,
936,clash ,n.,,
937,classification ,n.,,
938,cling ,v.,,
939,clinical ,adj.,,
940,closure ,n.,,
941,cluster ,n.,,
942,coalition ,n.,,
943,coastal ,adj.,,
944,cocktail ,n.,,
945,cognitive ,adj.,,
946,coincide ,v.,,
947,collaborate ,v.,,
948,collaboration ,n.,,
949,collective ,adj.,,
950,collision ,n.,,
951,colonial ,adj.,,
952,columnist ,n.,,
953,combat ,n.,v.,
954,combat ,n.,v.,
955,commence ,v.,,
956,commentary ,n.,,
957,commentator ,n.,,
958,commerce ,n.,,
959,commissioner ,n.,,
960,commodity ,n.,,
961,communist ,adj.,,
962,companion ,n.,,
963,comparable ,adj.,,
964,compassion ,n.,,
965,compel ,v.,,
966,compelling ,adj.,,
967,compensate ,v.,,
968,compensation ,n.,,
969,competence ,n.,,
970,competent ,adj.,,
971,compile ,v.,,
972,complement ,v.,,
973,complexity ,n.,,
974,compliance ,n.,,
975,complication ,n.,,
976,comply ,v.,,
977,composition ,n.,,
978,compromise ,n.,v.,
979,compromise ,n.,v.,
980,compute ,v.,,
981,conceal ,v.,,
982,concede ,v.,,
983,conceive ,v.,,
984,conception ,n.,,
985,concession ,n.,,
986,condemn ,v.,,
987,confer ,v.,,
988,confession ,n.,,
989,configuration ,n.,,
990,confine ,v.,,
991,confirmation ,n.,,
992,confront ,v.,,
993,confrontation ,n.,,
994,congratulate ,v.,,
995,congregation ,n.,,
996,congressional ,adj.,,
997,conquer ,v.,,
998,conscience ,n.,,
999,consciousness ,n.,,
1000,consecutive ,adj.,,
1001,consensus ,n.,,
1002,consent ,n.,v.,
1003,consent ,n.,v.,
1004,conserve ,v.,,
1005,consistency ,n.,,
1006,consolidate ,v.,,
1007,constituency ,n.,,
1008,constitute ,v.,,
1009,constitution ,n.,,
1010,constitutional ,adj.,,
1011,constraint ,n.,,
1012,consultation ,n.,,
1013,contemplate ,v.,,
1014,contempt ,n.,,
1015,contend ,v.,,
1016,contender ,n.,,
1017,content2 ,adj.,,
1018,contention ,n.,,
1019,continually ,adv.,,
1020,contractor ,n.,,
1021,contradiction ,n.,,
1022,contrary ,adj.,n.,
1023,contrary ,adj.,n.,
1024,contributor ,n.,,
1025,conversion ,n.,,
1026,convict ,v.,,
1027,conviction ,n.,,
1028,cooperate ,v.,,
1029,cooperative ,adj.,,
1030,coordinate ,v.,,
1031,coordination ,n.,,
1032,coordinator ,n.,,
1033,cop ,n.,,
1034,copper ,n.,,
1035,copyright ,n.,,
1036,correction ,n.,,
1037,correlate ,v.,,
1038,correlation ,n.,,
1039,correspond ,v.,,
1040,correspondence ,n.,,
1041,correspondent ,n.,,
1042,corresponding ,adj.,,
1043,corrupt ,adj.,,
1044,corruption ,n.,,
1045,costly ,adj.,,
1046,councillor ,n.,,
1047,counselling ,n.,,
1048,counsellor ,n.,,
1049,counter ,v.,,
1050,counterpart ,n.,,
1051,countless ,adj.,,
1052,coup ,n.,,
1053,courtesy ,n.,,
1054,craft ,v.,,
1055,crawl ,v.,,
1056,creator ,n.,,
1057,credibility ,n.,,
1058,credible ,adj.,,
1059,creep ,v.,,
1060,critique ,n.,,
1061,crown ,n.,,
1062,crude ,adj.,,
1063,crush ,v.,,
1064,crystal ,n.,,
1065,cult ,n.,adj.,
1066,cult ,n.,adj.,
1067,cultivate ,v.,,
1068,curiosity ,n.,,
1069,custody ,n.,,
1070,cutting ,n.,,
1071,cynical ,adj.,,
1072,dam ,n.,,
1073,damaging ,adj.,,
1074,dawn ,n.,,
1075,debris ,n.,,
1076,debut ,n.,,
1077,decision-making ,n.,,
1078,decisive ,adj.,,
1079,declaration ,n.,,
1080,dedicated ,adj.,,
1081,dedication ,n.,,
1082,deed ,n.,,
1083,deem ,v.,,
1084,default ,n.,,
1085,defect ,n.,,
1086,defensive ,adj.,,
1087,deficiency ,n.,,
1088,deficit ,n.,,
1089,defy ,v.,,
1090,delegate ,n.,,
1091,delegation ,n.,,
1092,delicate ,adj.,,
1093,demon ,n.,,
1094,denial ,n.,,
1095,denounce ,v.,,
1096,dense ,adj.,,
1097,density ,n.,,
1098,dependence ,n.,,
1099,depict ,v.,,
1100,deploy ,v.,,
1101,deployment ,n.,,
1102,deposit ,v.,,
1103,deprive ,v.,,
1104,deputy ,n.,,
1105,descend ,v.,,
1106,descent ,n.,,
1107,designate ,v.,,
1108,desirable ,adj.,,
1109,desktop ,n.,,
1110,destructive ,adj.,,
1111,detain ,v.,,
1112,detection ,n.,,
1113,detention ,n.,,
1114,deteriorate ,v.,,
1115,devastate ,v.,,
1116,devil ,n.,,
1117,devise ,v.,,
1118,diagnose ,v.,,
1119,diagnosis ,n.,,
1120,dictate ,v.,,
1121,dictator ,n.,,
1122,differentiate ,v.,,
1123,dignity ,n.,,
1124,dilemma ,n.,,
1125,dimension ,n.,,
1126,diminish ,v.,,
1127,dip ,v.,,
1128,diplomat ,n.,,
1129,diplomatic ,n.,,
1130,directory ,n.,,
1131,disastrous ,adj.,,
1132,discard ,v.,,
1133,discharge ,v.,,
1134,disclose ,v.,,
1135,disclosure ,n.,,
1136,discourse ,n.,,
1137,discretion ,n.,,
1138,discrimination ,n.,,
1139,dismissal ,n.,,
1140,displace ,v.,,
1141,disposal ,n.,,
1142,dispose ,v.,,
1143,dispute ,n.,v.,
1144,dispute ,n.,v.,
1145,disrupt ,v.,,
1146,disruption ,n.,,
1147,dissolve ,v.,,
1148,distinction ,n.,,
1149,distinctive ,adj.,,
1150,distort ,v.,,
1151,distress ,n.,v.,
1152,distress ,n.,v.,
1153,disturbing ,adj.,,
1154,divert ,v.,,
1155,divine ,adj.,,
1156,doctrine ,n.,,
1157,documentation ,n.,,
1158,domain ,n.,,
1159,dominance ,n.,,
1160,donor ,n.,,
1161,dose ,n.,,
1162,drain ,v.,,
1163,drift ,v.,,
1164,driving ,adj.,,
1165,drown ,v.,,
1166,dual ,adj.,,
1167,dub ,v.,,
1168,dumb ,adj.,,
1169,duo ,n.,,
1170,dynamic ,n.,,
1171,eager ,adj.,,
1172,earnings ,n.,,
1173,ease ,n.,v.,
1174,ease ,n.,v.,
1175,echo ,v.,n.,
1176,echo ,v.,n.,
1177,ecological ,adj.,,
1178,educator ,n.,,
1179,effectiveness ,n.,,
1180,efficiency ,n.,,
1181,ego ,n.,,
1182,elaborate ,adj.,,
1183,electoral ,adj.,,
1184,elevate ,v.,,
1185,eligible ,adj.,,
1186,elite ,n.,,
1187,embark ,v.,,
1188,embarrassment ,n.,,
1189,embassy ,n.,,
1190,embed ,v.,,
1191,embody ,v.,,
1192,emergence ,n.,,
1193,empirical ,adj.,,
1194,empower ,v.,,
1195,enact ,v.,,
1196,encompass ,v.,,
1197,encouragement ,n.,,
1198,encouraging ,adj.,,
1199,endeavour ,n.,,
1200,endless ,adj.,,
1201,endorse ,v.,,
1202,endorsement ,n.,,
1203,endure ,v.,,
1204,enforce ,v.,,
1205,enforcement ,n.,,
1206,engagement ,n.,,
1207,engaging ,adj.,,
1208,enquire ,v.,,
1209,enrich ,v.,,
1210,enrol ,v.,,
1211,ensue ,v.,,
1212,enterprise ,n.,,
1213,enthusiast ,n.,,
1214,entitle ,v.,,
1215,entity ,n.,,
1216,epidemic ,n.,,
1217,equality ,n.,,
1218,equation ,n.,,
1219,erect ,v.,,
1220,escalate ,v.,,
1221,essence ,n.,,
1222,establishment ,n.,,
1223,eternal ,adj.,,
1224,evacuate ,v.,,
1225,evoke ,v.,,
1226,evolutionary ,adj.,,
1227,exaggerate ,v.,,
1228,excellence ,n.,,
1229,exceptional ,adj.,,
1230,excess ,n.,adj.,
1231,excess ,n.,adj.,
1232,exclusion ,n.,,
1233,exclusive ,adj.,,
1234,exclusively ,adv.,,
1235,execute ,v.,,
1236,execution ,n.,,
1237,exert ,v.,,
1238,exile ,n.,,
1239,exit ,v.,,
1240,expenditure ,n.,,
1241,experimental ,adj.,,
1242,expire ,v.,,
1243,explicit ,adj.,,
1244,explicitly ,adv.,,
1245,exploitation ,n.,,
1246,explosive ,adj.,n.,
1247,explosive ,adj.,n.,
1248,extract ,v.,,
1249,extremist ,n.,,
1250,facilitate ,v.,,
1251,faction ,n.,,
1252,faculty ,n.,,
1253,fade ,v.,,
1254,fairness ,n.,,
1255,fatal ,adj.,,
1256,fate ,n.,,
1257,favourable ,adj.,,
1258,feat ,n.,,
1259,feminist ,adj.,n.,
1260,feminist ,adj.,n.,
1261,fibre ,n.,,
1262,fierce ,adj.,,
1263,film-maker ,n.,,
1264,filter ,n.,v.,
1265,filter ,n.,v.,
1266,fine ,n.,v.,
1267,fine ,n.,v.,
1268,firearm ,n.,,
1269,fit ,n.,,
1270,fixture ,n.,,
1271,flaw ,n.,,
1272,flawed ,adj.,,
1273,flee ,v.,,
1274,fleet ,n.,,
1275,flesh ,n.,,
1276,flexibility ,n.,,
1277,flourish ,v.,,
1278,fluid ,n.,,
1279,footage ,n.,,
1280,foreigner ,n.,,
1281,forge ,v.,,
1282,formula ,n.,,
1283,formulate ,v.,,
1284,forth ,adv.,,
1285,forthcoming ,adj.,,
1286,foster ,v.,,
1287,fragile ,adj.,,
1288,franchise ,n.,,
1289,frankly ,adv.,,
1290,frustrated ,adj.,,
1291,frustrating ,adj.,,
1292,frustration ,n.,,
1293,functional ,adj.,,
1294,fundraising ,n.,,
1295,funeral ,n.,,
1296,gallon ,n.,,
1297,gambling ,n.,,
1298,gathering ,n.,,
1299,gaze ,n.,v.,
1300,gaze ,n.,v.,
1301,gear ,n.,,
1302,generic ,adj.,,
1303,genocide ,n.,,
1304,glance ,n.,v.,
1305,glance ,n.,v.,
1306,glimpse ,n.,,
1307,glorious ,adj.,,
1308,glory ,n.,,
1309,governance ,n.,,
1310,grace ,n.,,
1311,grasp ,v.,n.,
1312,grasp ,v.,n.,
1313,grave ,n.,,
1314,grave ,adj.,,
1315,gravity ,n.,,
1316,grid ,n.,,
1317,grief ,n.,,
1318,grin ,v.,n.,
1319,grin ,v.,n.,
1320,grind ,v.,,
1321,grip ,n.,v.,
1322,grip ,n.,v.,
1323,gross ,adj.,,
1324,guerrilla ,n.,,
1325,guidance ,n.,,
1326,guilt ,n.,,
1327,gut ,n.,,
1328,hail ,v.,,
1329,halfway ,adv.,,
1330,halt ,v.,n.,
1331,halt ,v.,n.,
1332,handful ,n.,,
1333,handling ,n.,,
1334,handy ,adj.,,
1335,harassment ,n.,,
1336,hardware ,n.,,
1337,harmony ,n.,,
1338,harsh ,adj.,,
1339,harvest ,"n., v.",,
1340,hatred ,n.,,
1341,haunt ,v.,,
1342,hazard ,n.,,
1343,heighten ,v.,,
1344,heritage ,n.,,
1345,hierarchy ,n.,,
1346,high-profile ,adj.,,
1347,hint ,n.,v.,
1348,hint ,n.,v.,
1349,homeland ,n.,,
1350,hook ,v.,,
1351,hopeful ,adj.,,
1352,horizon ,n.,,
1353,horn ,n.,,
1354,hostage ,n.,,
1355,hostile ,adj.,,
1356,hostility ,n.,,
1357,humanitarian ,adj.,,
1358,humanity ,n.,,
1359,humble ,adj.,,
1360,hydrogen ,n.,,
1361,identification ,n.,,
1362,ideological ,adj.,,
1363,ideology ,n.,,
1364,idiot ,n.,,
1365,ignorance ,n.,,
1366,imagery ,n.,,
1367,immense ,adj.,,
1368,imminent ,adj.,,
1369,implementation ,n.,,
1370,imprison ,v.,,
1371,imprisonment ,n.,,
1372,inability ,n.,,
1373,inadequate ,adj.,,
1374,inappropriate ,adj.,,
1375,incidence ,n.,,
1376,inclined ,adj.,,
1377,inclusion ,n.,,
1378,incur ,v.,,
1379,indicator ,n.,,
1380,indictment ,n.,,
1381,indigenous ,adj.,,
1382,induce ,v.,,
1383,indulge ,v.,,
1384,inequality ,n.,,
1385,infamous ,adj.,,
1386,infant ,n.,,
1387,infect ,v.,,
1388,inflict ,v.,,
1389,influential ,adj.,,
1390,inherent ,adj.,,
1391,inhibit ,v.,,
1392,initiate ,v.,,
1393,inject ,v.,,
1394,injection ,n.,,
1395,injustice ,n.,,
1396,inmate ,n.,,
1397,insertion ,n.,,
1398,insider ,n.,,
1399,inspect ,v.,,
1400,inspection ,n.,,
1401,inspiration ,n.,,
1402,instinct ,n.,,
1403,institutional ,adj.,,
1404,instruct ,v.,,
1405,instrumental ,adj.,,
1406,insufficient ,adj.,,
1407,insult ,n.,v.,
1408,insult ,n.,v.,
1409,intact ,adj.,,
1410,intake ,n.,,
1411,integral ,adj.,,
1412,integrated ,adj.,,
1413,integration ,n.,,
1414,integrity ,n.,,
1415,intellectual ,n.,,
1416,intensify ,v.,,
1417,intensity ,n.,,
1418,intensive ,adj.,,
1419,intent ,n.,,
1420,interactive ,adj.,,
1421,interface ,n.,,
1422,interfere ,v.,,
1423,interference ,n.,,
1424,interim ,adj.,,
1425,interior ,adj.,n.,
1426,interior ,adj.,n.,
1427,intermediate ,adj.,,
1428,intervene ,v.,,
1429,intervention ,n.,,
1430,intimate ,adj.,,
1431,intriguing ,adj.,,
1432,investigator ,n.,,
1433,invisible ,adj.,,
1434,invoke ,v.,,
1435,involvement ,n.,,
1436,ironic ,adj.,,
1437,ironically ,adv.,,
1438,irony ,n.,,
1439,irrelevant ,adj.,,
1440,isolation ,n.,,
1441,judicial ,adj.,,
1442,junction ,n.,,
1443,jurisdiction ,n.,,
1444,just ,adj.,,
1445,justification ,n.,,
1446,kidnap ,v.,,
1447,kidney ,n.,,
1448,kingdom ,n.,,
1449,lad ,n.,,
1450,landlord ,n.,,
1451,landmark ,n.,,
1452,lap ,n.,,
1453,large-scale ,adj.,,
1454,laser ,n.,,
1455,latter ,adj.,n.,
1456,latter ,adj.,n.,
1457,lawn ,n.,,
1458,lawsuit ,n.,,
1459,layout ,n.,,
1460,leak ,v.,n.,
1461,leak ,v.,n.,
1462,leap ,v.,n.,
1463,leap ,v.,n.,
1464,legacy ,n.,,
1465,legendary ,adj.,,
1466,legislation ,n.,,
1467,legislative ,adj.,,
1468,legislature ,n.,,
1469,legitimate ,adj.,,
1470,lengthy ,adj.,,
1471,lesbian ,adj.,,
1472,lesser ,adj.,,
1473,lethal ,adj.,,
1474,liable ,adj.,,
1475,liberal ,adj.,n.,
1476,liberal ,adj.,n.,
1477,liberation ,n.,,
1478,liberty ,n.,,
1479,license ,v.,,
1480,lifelong ,adj.,,
1481,likelihood ,n.,,
1482,limb ,n.,,
1483,linear ,adj.,,
1484,line-up ,n.,,
1485,linger ,v.,,
1486,listing ,n.,,
1487,literacy ,n.,,
1488,liver ,n.,,
1489,lobby ,n.,v.,
1490,lobby ,n.,v.,
1491,log ,n.,v.,
1492,log ,n.,v.,
1493,logic ,n.,,
1494,long-standing ,adj.,,
1495,long-time ,adj.,,
1496,loom ,v.,,
1497,loop ,n.,,
1498,loyalty ,n.,,
1499,machinery ,n.,,
1500,magical ,adj.,,
1501,magistrate ,n.,,
1502,magnetic ,adj.,,
1503,magnitude ,n.,,
1504,mainland ,n.,,
1505,mainstream ,n.,adj.,
1506,mainstream ,n.,adj.,
1507,maintenance ,n.,,
1508,mandate ,n.,,
1509,mandatory ,adj.,,
1510,manifest ,v.,,
1511,manipulate ,v.,,
1512,manipulation ,n.,,
1513,manuscript ,n.,,
1514,march ,n.,v.,
1515,march ,n.,v.,
1516,marginal ,adj.,,
1517,marine ,adj.,,
1518,marketplace ,n.,,
1519,mask ,n.,,
1520,massacre ,n.,,
1521,mathematical ,adj.,,
1522,mature ,adj.,v.,
1523,mature ,adj.,v.,
1524,maximize ,v.,,
1525,meaningful ,adj.,,
1526,meantime ,n.,,
1527,medieval ,adj.,,
1528,meditation ,n.,,
1529,melody ,n.,,
1530,memo ,n.,,
1531,memoir ,n.,,
1532,memorial ,n.,,
1533,mentor ,n.,,
1534,merchant ,n.,,
1535,mercy ,n.,,
1536,mere ,adj.,,
1537,merely ,adv.,,
1538,merge ,v.,,
1539,merger ,n.,,
1540,merit ,n.,,
1541,methodology ,n.,,
1542,midst ,n.,,
1543,migration ,n.,,
1544,militant ,n.,adj.,
1545,militant ,n.,adj.,
1546,militia ,n.,,
1547,mill ,n.,,
1548,minimal ,adj.,,
1549,minimize ,v.,,
1550,mining ,n.,,
1551,ministry ,n.,,
1552,minute2 ,adj.,,
1553,miracle ,n.,,
1554,misery ,n.,,
1555,misleading ,adj.,,
1556,missile ,n.,,
1557,mob ,n.,,
1558,mobility ,n.,,
1559,mobilize ,v.,,
1560,moderate ,adj.,,
1561,modification ,n.,,
1562,momentum ,n.,,
1563,monk ,n.,,
1564,monopoly ,n.,,
1565,morality ,n.,,
1566,motive ,n.,,
1567,motorist ,n.,,
1568,municipal ,adj.,,
1569,mutual ,adj.,,
1570,namely ,adv.,,
1571,nationwide ,adj.,,
1572,naval ,adj.,,
1573,neglect ,v.,n.,
1574,neglect ,v.,n.,
1575,neighbouring ,adj.,,
1576,nest ,n.,,
1577,net ,adj.,,
1578,newsletter ,n.,,
1579,niche ,n.,,
1580,noble ,adj.,,
1581,nod ,v.,,
1582,nominate ,v.,,
1583,nomination ,n.,,
1584,nominee ,n.,,
1585,nonetheless ,adv.,,
1586,non-profit ,adj.,,
1587,nonsense ,n.,,
1588,noon ,n.,,
1589,notable ,adj.,,
1590,notably ,adv.,,
1591,notify ,v.,,
1592,notorious ,adj.,,
1593,novel ,adj.,,
1594,nursery ,n.,,
1595,objection ,n.,,
1596,oblige ,v.,,
1597,obsess ,v.,,
1598,obsession ,n.,,
1599,occasional ,adj.,,
1600,occurrence ,n.,,
1601,odds ,n.,,
1602,offering ,n.,,
1603,offspring ,n.,,
1604,operational ,adj.,,
1605,opt ,v.,,
1606,optical ,adj.,,
1607,optimism ,n.,,
1608,oral ,adj.,,
1609,organizational ,adj.,,
1610,orientation ,n.,,
1611,originate ,v.,,
1612,outbreak ,n.,,
1613,outing ,n.,,
1614,outlet ,n.,,
1615,outlook ,n.,,
1616,outrage ,n.,v.,
1617,outrage ,n.,v.,
1618,outsider ,n.,,
1619,overlook ,v.,,
1620,overly ,adv.,,
1621,oversee ,v.,,
1622,overturn ,v.,,
1623,overwhelm ,v.,,
1624,overwhelming ,adj.,,
1625,pad ,n.,,
1626,parameter ,n.,,
1627,parental ,adj.,,
1628,parish ,n.,,
1629,parliamentary ,adj.,,
1630,partial ,adj.,,
1631,partially ,adv.,,
1632,passing ,n.,,
1633,passive ,adj.,,
1634,pastor ,n.,,
1635,patch ,n.,,
1636,patent ,n.,,
1637,pathway ,n.,,
1638,patrol ,n.,v.,
1639,patrol ,n.,v.,
1640,patron ,n.,,
1641,peak ,n.,,
1642,peasant ,n.,,
1643,peculiar ,adj.,,
1644,persist ,v.,,
1645,persistent ,adj.,,
1646,personnel ,n.,,
1647,petition ,n.,,
1648,philosopher ,n.,,
1649,philosophical ,adj.,,
1650,physician ,n.,,
1651,pioneer ,n.,v.,
1652,pioneer ,n.,v.,
1653,pipeline ,n.,,
1654,pirate ,n.,,
1655,pit ,n.,,
1656,plea ,n.,,
1657,plead ,v.,,
1658,pledge ,v.,n.,
1659,pledge ,v.,n.,
1660,plug ,v.,n.,
1661,plug ,v.,n.,
1662,plunge ,v.,,
1663,pole ,n.,,
1664,poll ,n.,,
1665,pond ,n.,,
1666,pop ,v.,,
1667,portfolio ,n.,,
1668,portray ,v.,,
1669,postpone ,v.,,
1670,post-war ,adj.,,
1671,practitioner ,n.,,
1672,preach ,v.,,
1673,precedent ,n.,,
1674,precision ,n.,,
1675,predator ,n.,,
1676,predecessor ,n.,,
1677,predominantly ,adv.,,
1678,pregnancy ,n.,,
1679,prejudice ,n.,,
1680,preliminary ,adj.,,
1681,premier ,n.,,
1682,premise ,n.,,
1683,premium ,n.,,
1684,prescribe ,v.,,
1685,prescription ,n.,,
1686,presently ,adv.,,
1687,preservation ,n.,,
1688,preside ,v.,,
1689,presidency ,n.,,
1690,presidential ,adj.,,
1691,prestigious ,adj.,,
1692,presumably ,adv.,,
1693,presume ,v.,,
1694,prevail ,v.,,
1695,prevalence ,n.,,
1696,prevention ,n.,,
1697,prey ,n.,,
1698,principal ,n.,,
1699,privatization ,n.,,
1700,privilege ,n.,,
1701,probe ,n.,v.,
1702,probe ,n.,v.,
1703,problematic ,adj.,,
1704,proceedings ,n.,,
1705,proceeds ,n.,,
1706,processing ,n.,,
1707,processor ,n.,,
1708,proclaim ,v.,,
1709,productive ,adj.,,
1710,productivity ,n.,,
1711,profitable ,adj.,,
1712,profound ,adj.,,
1713,projection ,n.,,
1714,prominent ,adj.,,
1715,pronounced ,adj.,,
1716,propaganda ,n.,,
1717,proposition ,n.,,
1718,prosecute ,v.,,
1719,prosecution ,n.,,
1720,prosecutor ,n.,,
1721,prospective ,adj.,,
1722,prosperity ,n.,,
1723,protective ,adj.,,
1724,protocol ,n.,,
1725,province ,n.,,
1726,provincial ,adj.,,
1727,provision ,n.,,
1728,provoke ,v.,,
1729,psychiatric ,adj.,,
1730,pulse ,n.,,
1731,pump ,v.,n.,
1732,pump ,v.,n.,
1733,punch ,n.,v.,
1734,punch ,n.,v.,
1735,query ,n.,,
1736,quest ,n.,,
1737,quota ,n.,,
1738,radar ,n.,,
1739,radical ,adj.,,
1740,rage ,n.,,
1741,raid ,n.,v.,
1742,raid ,n.,v.,
1743,rally ,n.,v.,
1744,rally ,n.,v.,
1745,ranking ,n.,,
1746,rape ,n.,v.,
1747,rape ,n.,v.,
1748,ratio ,n.,,
1749,rational ,adj.,,
1750,ray ,n.,,
1751,readily ,adv.,,
1752,realization ,n.,,
1753,realm ,n.,,
1754,rear ,adj.,n.,
1755,rear ,adj.,n.,
1756,reasoning ,n.,,
1757,reassure ,v.,,
1758,rebel ,n.,,
1759,rebellion ,n.,,
1760,recipient ,n.,,
1761,reconstruction ,n.,,
1762,recount1 ,v.,,
1763,referendum ,n.,,
1764,reflection ,n.,,
1765,reform ,n.,v.,
1766,reform ,n.,v.,
1767,refuge ,n.,,
1768,refusal ,n.,,
1769,regain ,v.,,
1770,regardless ,adv.,,
1771,regime ,n.,,
1772,regulator ,n.,,
1773,regulatory ,adj.,,
1774,rehabilitation ,n.,,
1775,reign ,n.,v.,
1776,reign ,n.,v.,
1777,rejection ,n.,,
1778,relevance ,n.,,
1779,reliability ,n.,,
1780,reluctant ,adj.,,
1781,remainder ,n.,,
1782,remains ,n.,,
1783,remedy ,n.,,
1784,reminder ,n.,,
1785,removal ,n.,,
1786,render ,v.,,
1787,renew ,v.,,
1788,renowned ,adj.,,
1789,rental ,n.,,
1790,replacement ,n.,,
1791,reportedly ,adv.,,
1792,representation ,n.,,
1793,reproduce ,v.,,
1794,reproduction ,n.,,
1795,republic ,n.,,
1796,resemble ,v.,,
1797,reside ,v.,,
1798,residence ,n.,,
1799,residential ,adj.,,
1800,residue ,n.,,
1801,resignation ,n.,,
1802,resistance ,n.,,
1803,respective ,adj.,,
1804,respectively ,adv.,,
1805,restoration ,n.,,
1806,restraint ,n.,,
1807,resume ,v.,,
1808,retreat ,n.,v.,
1809,retreat ,n.,v.,
1810,retrieve ,v.,,
1811,revelation ,n.,,
1812,revenge ,n.,,
1813,reverse ,v. ,n.,adj.
1814,reverse ,v. ,n.,adj.
1815,reverse ,v. ,n.,adj.
1816,revival ,n.,,
1817,revive ,v.,,
1818,revolutionary ,adj.,,
1819,rhetoric ,n.,,
1820,rifle ,n.,,
1821,riot ,n.,,
1822,rip ,v.,,
1823,ritual ,n.,,
1824,robust ,adj.,,
1825,rock ,v.,,
1826,rod ,n.,,
1827,rotate ,v.,,
1828,rotation ,n.,,
1829,ruling ,n.,,
1830,rumour ,n.,,
1831,sack ,v.,,
1832,sacred ,adj.,,
1833,sacrifice ,n.,v.,
1834,sacrifice ,n.,v.,
1835,saint ,n.,,
1836,sake ,n.,,
1837,sanction ,n.,,
1838,say ,n.,,
1839,scattered ,adj.,,
1840,sceptical ,adj.,,
1841,scope ,n.,,
1842,screw ,v.,n.,
1843,screw ,v.,n.,
1844,scrutiny ,n.,,
1845,seal ,v.,n.,
1846,seal ,v.,n.,
1847,secular ,adj.,,
1848,seemingly ,adv.,,
1849,segment ,n.,,
1850,seize ,v.,,
1851,seldom ,,,
1852,selective ,adj.,,
1853,senator ,n.,,
1854,sensation ,n.,,
1855,sensitivity ,n.,,
1856,sentiment ,n.,,
1857,separation ,n.,,
1858,serial ,adj.,,
1859,settlement ,n.,,
1860,set-up ,n.,,
1861,sexuality ,n.,,
1862,shareholder ,n.,,
1863,shatter ,v.,,
1864,shed ,v.,,
1865,sheer ,adj.,,
1866,shipping ,n.,,
1867,shoot ,n.,,
1868,shrink ,v.,,
1869,shrug ,v.,,
1870,sigh ,v.,n.,
1871,sigh ,v.,n.,
1872,simulate ,v.,,
1873,simulation ,n.,,
1874,simultaneously ,adv.,,
1875,sin ,n.,,
1876,situated ,adj.,,
1877,sketch ,n.,,
1878,skip ,v.,,
1879,slam ,v.,,
1880,slap ,v.,,
1881,slash ,v.,,
1882,slavery ,n.,,
1883,slot ,n.,,
1884,smash ,v.,,
1885,snap ,v.,,
1886,soak ,v.,,
1887,soar ,v.,,
1888,socialist ,adj.,,
1889,sole ,adj.,,
1890,solely ,adv.,,
1891,solicitor ,n.,,
1892,solidarity ,n.,,
1893,solo ,adj.,n.,
1894,solo ,adj.,n.,
1895,sound ,adj.,,
1896,sovereignty ,n.,,
1897,spam ,n.,,
1898,span ,v.,n.,
1899,span ,v.,n.,
1900,spare ,v.,,
1901,spark ,v.,,
1902,specialized ,adj.,,
1903,specification ,n.,,
1904,specimen ,n.,,
1905,spectacle ,n.,,
1906,spectrum ,n.,,
1907,spell ,n.,,
1908,sphere ,n.,,
1909,spin ,v.,n.,
1910,spin ,v.,n.,
1911,spine ,n.,,
1912,spotlight ,n.,,
1913,spouse ,n.,,
1914,spy ,n.,v.,
1915,spy ,n.,v.,
1916,squad ,n.,,
1917,squeeze ,v.,,
1918,stab ,v.,,
1919,stability ,n.,,
1920,stabilize ,v.,,
1921,stake ,n.,,
1922,standing ,adj.,,
1923,stark ,adj.,,
1924,statistical ,adj.,,
1925,steer ,v.,,
1926,stem ,n.,v.,
1927,stem ,n.,v.,
1928,stereotype ,n.,,
1929,stimulus ,n.,,
1930,stir ,v.,,
1931,storage ,n.,,
1932,straightforward ,adj.,,
1933,strain ,n.,,
1934,strand ,n.,,
1935,strategic ,adj.,,
1936,striking ,adj.,,
1937,strip ,n.,,
1938,strip ,v.,,
1939,strive ,v.,,
1940,structural ,adj.,,
1941,stumble ,v.,,
1942,stun ,v.,,
1943,submission ,n.,,
1944,subscriber ,n.,,
1945,subscription ,n.,,
1946,subsidy ,n.,,
1947,substantial ,adj.,,
1948,substantially ,adv.,,
1949,substitute ,n.,v.,
1950,substitute ,n.,v.,
1951,substitution ,n.,,
1952,subtle ,adj.,,
1953,suburban ,adj.,,
1954,succession ,n.,,
1955,successive ,adj.,,
1956,successor ,n.,,
1957,suck ,v.,,
1958,sue ,v.,,
1959,suicide ,n.,,
1960,suite ,n.,,
1961,summit ,n.,,
1962,superb ,adj.,,
1963,superior ,adj.,,
1964,supervise ,v.,,
1965,supervision ,n.,,
1966,supervisor ,n.,,
1967,supplement ,n.,v.,
1968,supplement ,n.,v.,
1969,supportive ,adj.,,
1970,supposedly ,adv.,,
1971,suppress ,v.,,
1972,supreme ,adj.,,
1973,surge ,n.,v.,
1974,surge ,n.,v.,
1975,surgical ,adj.,,
1976,surplus ,n.,,
1977,surrender ,v.,,
1978,surveillance ,n.,,
1979,suspension ,n.,,
1980,suspicion ,n.,,
1981,suspicious ,adj.,,
1982,sustain ,v.,,
1983,swing ,v.,n.,
1984,swing ,v.,n.,
1985,sword ,n.,,
1986,symbolic ,adj.,,
1987,syndrome ,n.,,
1988,synthesis ,n.,,
1989,systematic ,adj.,,
1990,tackle ,n.,,
1991,tactic ,n.,,
1992,tactical ,adj.,,
1993,taxpayer ,n.,,
1994,tempt ,v.,,
1995,tenant ,n.,,
1996,tender ,adj.,,
1997,tenure ,n.,,
1998,terminal ,adj.,,
1999,terminate ,v.,,
2000,terrain ,n.,,
2001,terrific ,adj.,,
2002,testify ,v.,,
2003,testimony ,n.,,
2004,texture ,n.,,
2005,thankfully ,adv.,,
2006,theatrical ,adj.,,
2007,theology ,n.,,
2008,theoretical ,adj.,,
2009,thereafter ,adv.,,
2010,thereby ,adv.,,
2011,thoughtful ,adj.,,
2012,thought-provoking ,adj.,,
2013,thread ,n.,,
2014,threshold ,n.,,
2015,thrilled ,adj.,,
2016,thrive ,v.,,
2017,tide ,n.,,
2018,tighten ,v.,,
2019,timber ,n.,,
2020,timely ,adj.,,
2021,tobacco ,n.,,
2022,tolerance ,n.,,
2023,tolerate ,v.,,
2024,toll ,n.,,
2025,top ,v.,,
2026,torture ,n.,v.,
2027,torture ,n.,v.,
2028,toss ,v.,,
2029,total ,v.,,
2030,toxic ,adj.,,
2031,trace ,n.,,
2032,trademark ,n.,,
2033,trail ,n.,v.,
2034,trail ,n.,v.,
2035,trailer ,n.,,
2036,transaction ,n.,,
2037,transcript ,n.,,
2038,transformation ,n.,,
2039,transit ,n.,,
2040,transmission ,n.,,
2041,transparency ,n.,,
2042,transparent ,adj.,,
2043,trauma ,n.,,
2044,treaty ,n.,,
2045,tremendous ,adj.,,
2046,tribal ,adj.,,
2047,tribunal ,n.,,
2048,tribute ,n.,,
2049,trigger ,n.,,
2050,trio ,n.,,
2051,triumph ,n.,,
2052,trophy ,n.,,
2053,troubled ,adj.,,
2054,trustee ,n.,,
2055,tuition ,n.,,
2056,turnout ,n.,,
2057,turnover ,n.,,
2058,twist ,v.,n.,
2059,twist ,v.,n.,
2060,undergraduate ,n.,,
2061,underlying ,adj.,,
2062,undermine ,v.,,
2063,undoubtedly ,adv.,,
2064,unify ,v.,,
2065,unprecedented ,adj.,,
2066,unveil ,v.,,
2067,upcoming ,adj.,,
2068,upgrade ,v.,n.,
2069,upgrade ,v.,n.,
2070,uphold ,v.,,
2071,utility ,n.,,
2072,utilize ,v.,,
2073,utterly ,adv.,,
2074,vacuum ,n.,,
2075,vague ,adj.,,
2076,validity ,n.,,
2077,vanish ,v.,,
2078,variable ,n.,adj.,
2079,variable ,n.,adj.,
2080,varied ,adj.,,
2081,vein ,n.,,
2082,venture ,n.,v.,
2083,venture ,n.,v.,
2084,verbal ,adj.,,
2085,verdict ,n.,,
2086,verify ,v.,,
2087,verse ,n.,,
2088,versus ,prep.,,
2089,vessel ,n.,,
2090,veteran ,n.,,
2091,viable ,adj.,,
2092,vibrant ,adj.,,
2093,vice ,n.,,
2094,vicious ,adj.,,
2095,villager ,n.,,
2096,violate ,v.,,
2097,violation ,n.,,
2098,virtue ,n.,,
2099,vocal ,adj.,,
2100,vow ,v.,,
2101,vulnerability ,n.,,
2102,vulnerable ,adj.,,
2103,ward ,n.,,
2104,warehouse ,n.,,
2105,warfare ,n.,,
2106,warrant ,n.,v.,
2107,warrant ,n.,v.,
2108,warrior ,n.,,
2109,weaken ,v.,,
2110,weave ,v.,,
2111,weed ,n.,,
2112,well ,n.,,
2113,well-being ,n.,,
2114,whatsoever ,adv.,,
2115,whereby ,adv.,,
2116,whilst ,conj.,,
2117,whip ,v.,,
2118,wholly ,adv.,,
2119,widen ,v.,,
2120,widow ,n.,,
2121,width ,n.,,
2122,willingness ,n.,,
2123,wipe ,v.,,
2124,wit ,n.,,
2125,withdrawal ,n.,,
2126,workout ,n.,,
2127,worship ,n.,v.,
2128,worship ,n.,v.,
2129,worthwhile ,adj.,,
2130,worthy ,adj.,,
2131,yell ,v.,,
2132,yield ,n.,v.,
2133,yield ,n.,v.,
2134,youngster ,n.,,
