,0,1,2,3,4
0,"a, an ",indefinite article,,,
1,about ,prep.,adv.,,
2,about ,prep.,adv.,,
3,above ,prep.,adv.,,
4,above ,prep.,adv.,,
5,across ,prep.,adv.,,
6,across ,prep.,adv.,,
7,action ,n.,,,
8,activity ,n.,,,
9,actor ,n.,,,
10,actress ,n.,,,
11,add ,v.,,,
12,address ,n.,,,
13,adult ,n.,,,
14,advice ,n.,,,
15,afraid ,adj.,,,
16,after ,prep.,,,
17,afternoon ,n.,,,
18,again ,adv.,,,
19,age ,n.,,,
20,ago ,adv.,,,
21,agree ,v.,,,
22,air ,n.,,,
23,airport ,n.,,,
24,all ,det.,pron.,,
25,all ,det.,pron.,,
26,also ,adv.,,,
27,always ,adv.,,,
28,amazing ,adj.,,,
29,and ,conj.,,,
30,angry ,adj.,,,
31,animal ,n.,,,
32,another ,det./pron.,,,
33,answer ,n.,v.,,
34,answer ,n.,v.,,
35,any ,det.,pron.,,
36,any ,det.,pron.,,
37,anyone ,pron.,,,
38,anything ,pron.,,,
39,apartment ,n.,,,
40,apple ,n.,,,
41,April ,n.,,,
42,area ,n.,,,
43,arm ,n.,,,
44,around ,prep.,adv.,,
45,around ,prep.,adv.,,
46,arrive ,v.,,,
47,art ,n.,,,
48,article ,n.,,,
49,artist ,n.,,,
50,as ,prep.,,,
51,ask ,v.,,,
52,at ,prep.,,,
53,August ,n.,,,
54,aunt ,n.,,,
55,autumn ,n.,,,
56,away ,adv.,,,
57,baby ,n.,,,
58,back ,n.,adv.,,
59,back ,n.,adv.,,
60,bad ,adj.,,,
61,bag ,n.,,,
62,ball ,n.,,,
63,banana ,n.,,,
64,band ,n.,,,
65,bank ,n.,,,
66,bath ,n.,,,
67,bathroom ,n.,,,
68,be ,v.,auxiliary v.,,
69,be ,v.,auxiliary v.,,
70,beach ,n.,,,
71,beautiful ,adj.,,,
72,because ,conj.,,,
73,become ,v.,,,
74,bed ,n.,,,
75,bedroom ,n.,,,
76,beer ,n.,,,
77,before ,prep.,,,
78,begin ,v.,,,
79,beginning ,n.,,,
80,behind ,prep.,adv.,,
81,behind ,prep.,adv.,,
82,believe ,v.,,,
83,below ,adv.,prep.,,
84,below ,adv.,prep.,,
85,best ,adj.,,,
86,better ,adj.,,,
87,between ,prep.,,,
88,bicycle ,n.,,,
89,big ,adj.,,,
90,bike ,n.,,,
91,bill ,n.,,,
92,bird ,n.,,,
93,birthday ,n.,,,
94,black ,adj.,n.,,
95,black ,adj.,n.,,
96,blog ,n.,,,
97,blonde ,adj.,,,
98,blue ,adj.,n.,,
99,blue ,adj.,n.,,
100,boat ,n.,,,
101,body ,n.,,,
102,book ,n.,,,
103,boot ,n.,,,
104,bored ,adj.,,,
105,boring ,adj.,,,
106,born ,v.,,,
107,both ,det./pron.,,,
108,bottle ,n.,,,
109,box ,n.,,,
110,boy ,n.,,,
111,boyfriend ,n.,,,
112,bread ,n.,,,
113,break ,v.,n.,,
114,break ,v.,n.,,
115,breakfast ,n.,,,
116,bring ,v.,,,
117,brother ,n.,,,
118,brown ,adj.,n.,,
119,brown ,adj.,n.,,
120,build ,v.,,,
121,building ,n.,,,
122,bus ,n.,,,
123,business ,n.,,,
124,busy ,adj.,,,
125,but ,conj.,,,
126,butter ,n.,,,
127,buy ,v.,,,
128,by ,prep.,,,
129,bye ,exclam.,,,
130,cafe ,n.,,,
131,cake ,n.,,,
132,call ,v.,n.,,
133,call ,v.,n.,,
134,camera ,n.,,,
135,can1 ,modal v.,,,
136,cannot ,modal v.,,,
137,capital ,n.,adj.,,
138,capital ,n.,adj.,,
139,car ,n.,,,
140,card ,n.,,,
141,career ,n.,,,
142,carrot ,n.,,,
143,carry ,v.,,,
144,cat ,n.,,,
145,CD ,n.,,,
146,cent ,n.,,,
147,centre ,n.,,,
148,century ,n.,,,
149,chair ,n.,,,
150,change ,v.,n.,,
151,change ,v.,n.,,
152,chart ,n.,,,
153,cheap ,adj.,,,
154,check ,v.,,,
155,cheese ,n.,,,
156,chicken ,n.,,,
157,child ,n.,,,
158,chocolate ,n.,,,
159,choose ,v.,,,
160,cinema ,n.,,,
161,city ,n.,,,
162,class ,n.,,,
163,classroom ,n.,,,
164,clean ,adj.,v.,,
165,clean ,adj.,v.,,
166,climb ,v.,,,
167,clock ,n.,,,
168,close1 ,v.,,,
169,clothes ,n.,,,
170,club ,n.,,,
171,coat ,n.,,,
172,coffee ,n.,,,
173,cold ,adj.,n.,,
174,cold ,adj.,n.,,
175,college ,n.,,,
176,colour ,n.,,,
177,come ,v.,,,
178,common ,adj.,,,
179,company ,n.,,,
180,compare ,v.,,,
181,complete ,adj.,v.,,
182,complete ,adj.,v.,,
183,computer ,n.,,,
184,concert ,n.,,,
185,conversation ,n.,,,
186,cook ,v.,,,
187,cooking ,n.,,,
188,cool ,adj.,,,
189,correct ,adj.,v.,,
190,correct ,adj.,v.,,
191,cost ,n.,v.,,
192,cost ,n.,v.,,
193,could ,modal v.,,,
194,country ,n.,,,
195,course ,n.,,,
196,cousin ,n.,,,
197,cow ,n.,,,
198,cream ,n.,,,
199,create ,v.,,,
200,culture ,n.,,,
201,cup ,n.,,,
202,customer ,n.,,,
203,cut ,v.,,,
204,dad ,n.,,,
205,dance ,n.,v.,,
206,dance ,n.,v.,,
207,dancer ,n.,,,
208,dancing ,n.,,,
209,dangerous ,adj.,,,
210,dark ,adj.,,,
211,date ,n.,,,
212,daughter ,n.,,,
213,day ,n.,,,
214,dear ,adj.,,,
215,December ,n.,,,
216,decide ,v.,,,
217,delicious ,adj.,,,
218,describe ,v.,,,
219,description ,n.,,,
220,design ,n.,v.,,
221,design ,n.,v.,,
222,desk ,n.,,,
223,detail ,n.,,,
224,dialogue ,n.,,,
225,dictionary ,n.,,,
226,die ,v.,,,
227,diet ,n.,,,
228,difference ,n.,,,
229,different ,adj.,,,
230,difficult ,adj.,,,
231,dinner ,n.,,,
232,dirty ,adj.,,,
233,discuss ,v.,,,
234,dish ,n.,,,
235,do1 ,v.,auxiliary v.,,
236,do1 ,v.,auxiliary v.,,
237,doctor ,n.,,,
238,dog ,n.,,,
239,dollar ,n.,,,
240,door ,n.,,,
241,down ,adv.,prep.,,
242,down ,adv.,prep.,,
243,downstairs ,adv.,,,
244,draw ,v.,,,
245,dress ,n.,v.,,
246,dress ,n.,v.,,
247,drink ,n.,v.,,
248,drink ,n.,v.,,
249,drive ,v.,,,
250,driver ,n.,,,
251,during ,prep.,,,
252,DVD ,n.,,,
253,each ,det./pron./adv.,,,
254,ear ,n.,,,
255,early ,adj.,adv.,,
256,early ,adj.,adv.,,
257,east ,n.,adj.,adv.,
258,east ,n.,adj.,adv.,
259,east ,n.,adj.,adv.,
260,easy ,adj.,,,
261,eat ,v.,,,
262,egg ,n.,,,
263,eight ,number,,,
264,eighteen ,number,,,
265,eighty ,number,,,
266,elephant ,n.,,,
267,eleven ,number,,,
268,else ,adv.,,,
269,email ,n.,v.,,
270,email ,n.,v.,,
271,end ,n.,v.,,
272,end ,n.,v.,,
273,enjoy ,v.,,,
274,enough ,det.,pron.,adv.,
275,enough ,det.,pron.,adv.,
276,enough ,det.,pron.,adv.,
277,euro ,n.,,,
278,even ,adv.,,,
279,evening ,n.,,,
280,event ,n.,,,
281,ever ,adv.,,,
282,every ,det.,,,
283,everybody ,pron.,,,
284,everyone ,pron.,,,
285,everything ,pron.,,,
286,exam ,n.,,,
287,example ,n.,,,
288,excited ,adj.,,,
289,exciting ,adj.,,,
290,exercise ,n.,v.,,
291,exercise ,n.,v.,,
292,expensive ,adj.,,,
293,explain ,v.,,,
294,extra ,adj.,,,
295,eye ,n.,,,
296,face ,n.,,,
297,fact ,n.,,,
298,fall ,v.,,,
299,false ,adj.,,,
300,family ,n.,adj.,,
301,family ,n.,adj.,,
302,famous ,adj.,,,
303,fantastic ,adj.,,,
304,far ,adv.,,,
305,farm ,n.,,,
306,farmer ,n.,,,
307,fast ,adj.,adv.,,
308,fast ,adj.,adv.,,
309,fat ,adj.,,,
310,father ,n.,,,
311,favourite ,adj.,n.,,
312,favourite ,adj.,n.,,
313,February ,n.,,,
314,feel ,v.,,,
315,feeling ,n.,,,
316,festival ,n.,,,
317,few ,det./adj.,pron.,,
318,few ,det./adj.,pron.,,
319,fifteen ,number,,,
320,fifth ,number,,,
321,fifty ,number,,,
322,fill ,v.,,,
323,film ,n.,,,
324,final ,adj.,,,
325,find ,v.,,,
326,fine ,adj.,,,
327,finish ,v.,,,
328,fire ,n.,,,
329,first ,det./number,adv.,,
330,first ,det./number,adv.,,
331,fish ,n.,,,
332,five ,number,,,
333,flat ,n.,,,
334,flight ,n.,,,
335,floor ,n.,,,
336,flower ,n.,,,
337,fly ,v.,,,
338,follow ,v.,,,
339,food ,n.,,,
340,foot ,n.,,,
341,football ,n.,,,
342,for ,prep.,,,
343,forget ,v.,,,
344,form ,n.,v.,,
345,form ,n.,v.,,
346,forty ,number,,,
347,four ,number,,,
348,fourteen ,number,,,
349,fourth ,number,,,
350,free ,adj.,,,
351,Friday ,n.,,,
352,friend ,n.,,,
353,friendly ,adj.,,,
354,from ,prep.,,,
355,front ,n.,adj.,,
356,front ,n.,adj.,,
357,fruit ,n.,,,
358,full ,adj.,,,
359,fun ,n.,,,
360,funny ,adj.,,,
361,future ,n.,,,
362,game ,n.,,,
363,garden ,n.,,,
364,geography ,n.,,,
365,get ,v.,,,
366,girl ,n.,,,
367,girlfriend ,n.,,,
368,give ,v.,,,
369,glass ,n.,,,
370,go ,v.,,,
371,good ,adj.,,,
372,goodbye ,exclam./n.,,,
373,grandfather ,n.,,,
374,grandmother ,n.,,,
375,grandparent ,n.,,,
376,great ,adj.,,,
377,green ,adj.,n.,,
378,green ,adj.,n.,,
379,grey ,adj.,n.,,
380,grey ,adj.,n.,,
381,group ,n.,,,
382,grow ,v.,,,
383,guess ,v.,n.,,
384,guess ,v.,n.,,
385,guitar ,n.,,,
386,gym ,n.,,,
387,hair ,n.,,,
388,half ,n.,det./pron.,,
389,half ,n.,det./pron.,,
390,hand ,n.,,,
391,happen ,v.,,,
392,happy ,adj.,,,
393,hard ,adj.,adv.,,
394,hard ,adj.,adv.,,
395,hat ,n.,,,
396,hate ,v.,,,
397,have ,v.,,,
398,have to ,modal v.,,,
399,he ,pron.,,,
400,head ,n.,,,
401,health ,n.,,,
402,healthy ,adj.,,,
403,hear ,v.,,,
404,hello ,exclam./n.,,,
405,help ,v.,n.,,
406,help ,v.,n.,,
407,her ,pron.,det.,,
408,her ,pron.,det.,,
409,here ,adv.,,,
410,hey ,exclam.,,,
411,hi ,exclam.,,,
412,high ,adj.,,,
413,him ,pron.,,,
414,his ,det.,,,
415,history ,n.,,,
416,hobby ,n.,,,
417,holiday ,n.,,,
418,home ,n.,adv.,,
419,home ,n.,adv.,,
420,homework ,n.,,,
421,hope ,v.,,,
422,horse ,n.,,,
423,hospital ,n.,,,
424,hot ,adj.,,,
425,hotel ,n.,,,
426,hour ,n.,,,
427,house ,n.,,,
428,how ,adv.,,,
429,however ,adv.,,,
430,hundred ,number,,,
431,hungry ,adj.,,,
432,husband ,n.,,,
433,I ,pron.,,,
434,ice ,n.,,,
435,ice cream ,n.,,,
436,idea ,n.,,,
437,if ,conj.,,,
438,imagine ,v.,,,
439,important ,adj.,,,
440,improve ,v.,,,
441,in ,prep.,adv.,,
442,in ,prep.,adv.,,
443,include ,v.,,,
444,information ,n.,,,
445,interest ,n.,v.,,
446,interest ,n.,v.,,
447,interested ,adj.,,,
448,interesting ,adj.,,,
449,internet ,n.,,,
450,interview ,n.,v.,,
451,interview ,n.,v.,,
452,into ,prep.,,,
453,introduce ,v.,,,
454,island ,n.,,,
455,it ,pron.,,,
456,its ,det.,,,
457,jacket ,n.,,,
458,January ,n.,,,
459,jeans ,n.,,,
460,job ,n.,,,
461,join ,v.,,,
462,journey ,n.,,,
463,juice ,n.,,,
464,July ,n.,,,
465,June ,n.,,,
466,just ,adv.,,,
467,keep ,v.,,,
468,key ,n.,adj.,,
469,key ,n.,adj.,,
470,kilometre ,n.,,,
471,kind ,n.,,,
472,kitchen ,n.,,,
473,know ,v.,,,
474,land ,n.,,,
475,language ,n.,,,
476,large ,adj.,,,
477,last1 ,det.,,,
478,late ,adj.,adv.,,
479,late ,adj.,adv.,,
480,later ,adv.,,,
481,laugh ,v.,n.,,
482,laugh ,v.,n.,,
483,learn ,v.,,,
484,leave ,v.,,,
485,left ,adj.,adv.,n.,
486,left ,adj.,adv.,n.,
487,left ,adj.,adv.,n.,
488,leg ,n.,,,
489,lesson ,n.,,,
490,let ,v.,,,
491,letter ,n.,,,
492,library ,n.,,,
493,lie1 ,v.,,,
494,life ,n.,,,
495,light ,n.,,,
496,adj.,,,,
497,like ,prep.,,,
498,like ,v.,,,
499,line ,n.,,,
500,lion ,n.,,,
501,list ,n.,v.,,
502,list ,n.,v.,,
503,listen ,v.,,,
504,little ,adj.,det./pron.,,
505,little ,adj.,det./pron.,,
506,live1 ,v.,,,
507,local ,adj.,,,
508,long1 ,adj.,adv.,,
509,long1 ,adj.,adv.,,
510,look ,v.,,,
511,lose ,v.,,,
512,lot ,pron.,det.,adv.,
513,lot ,pron.,det.,adv.,
514,lot ,pron.,det.,adv.,
515,love ,n.,v.,,
516,love ,n.,v.,,
517,lunch ,n.,,,
518,machine ,n.,,,
519,magazine ,n.,,,
520,main ,adj.,,,
521,make ,v.,,,
522,man ,n.,,,
523,many ,det./pron.,,,
524,map ,n.,,,
525,March ,n.,,,
526,market ,n.,,,
527,married ,adj.,,,
528,match ,n.,v.,,
529,match ,n.,v.,,
530,May ,n.,,,
531,maybe ,adv.,,,
532,me ,pron.,,,
533,meal ,n.,,,
534,mean ,v.,,,
535,meaning ,n.,,,
536,meat ,n.,,,
537,meet ,v.,,,
538,meeting ,n.,,,
539,member ,n.,,,
540,menu ,n.,,,
541,message ,n.,,,
542,metre ,n.,,,
543,midnight ,n.,,,
544,mile ,n.,,,
545,milk ,n.,,,
546,million ,number,,,
547,minute1 ,n.,,,
548,miss ,v.,,,
549,mistake ,n.,,,
550,model ,n.,,,
551,modern ,adj.,,,
552,moment ,n.,,,
553,Monday ,n.,,,
554,money ,n.,,,
555,month ,n.,,,
556,more ,det./pron.,adv.,,
557,more ,det./pron.,adv.,,
558,morning ,n.,,,
559,most ,det./pron.,adv.,,
560,most ,det./pron.,adv.,,
561,mother ,n.,,,
562,mountain ,n.,,,
563,mouse ,n.,,,
564,mouth ,n.,,,
565,move ,v.,,,
566,movie ,n.,,,
567,much ,det./pron.,adv.,,
568,much ,det./pron.,adv.,,
569,mum ,n.,,,
570,museum ,n.,,,
571,music ,n.,,,
572,must ,modal v.,,,
573,my ,det.,,,
574,name ,n.,v.,,
575,name ,n.,v.,,
576,natural ,adj.,,,
577,near ,prep.,adj.,adv.,
578,near ,prep.,adj.,adv.,
579,near ,prep.,adj.,adv.,
580,need ,v.,,,
581,negative ,adj.,,,
582,neighbour ,n.,,,
583,never ,adv.,,,
584,new ,adj.,,,
585,news ,n.,,,
586,newspaper ,n.,,,
587,next ,adj.,adv.,,
588,next ,adj.,adv.,,
589,next to ,prep.,,,
590,nice ,adj.,,,
591,night ,n.,,,
592,nine ,number,,,
593,nineteen ,number,,,
594,ninety ,number,,,
595,no ,exclam.,det.,,
596,no ,exclam.,det.,,
597,no one ,pron.,,,
598,nobody ,pron.,,,
599,north ,n.,adj.,adv.,
600,north ,n.,adj.,adv.,
601,north ,n.,adj.,adv.,
602,nose ,n.,,,
603,not ,adv.,,,
604,note ,n.,,,
605,nothing ,pron.,,,
606,November ,n.,,,
607,now ,adv.,,,
608,number ,n.,,,
609,nurse ,n.,,,
610,object ,n.,,,
611,o’clock ,adv.,,,
612,October ,n.,,,
613,of ,prep.,,,
614,off ,adv.,prep.,,
615,off ,adv.,prep.,,
616,office ,n.,,,
617,often ,adv.,,,
618,oh ,exclam.,,,
619,OK ,exclam.,adj./adv.,,
620,OK ,exclam.,adj./adv.,,
621,old ,adj.,,,
622,on ,prep.,adv.,,
623,on ,prep.,adv.,,
624,once ,adv.,,,
625,one ,number/det.,pron.,,
626,one ,number/det.,pron.,,
627,onion ,n.,,,
628,online ,adj.,adv.,,
629,online ,adj.,adv.,,
630,only ,adj.,adv.,,
631,only ,adj.,adv.,,
632,open ,adj.,v.,,
633,open ,adj.,v.,,
634,opinion ,n.,,,
635,opposite ,adj.,n.,prep.,adv.
636,opposite ,adj.,n.,prep.,adv.
637,opposite ,adj.,n.,prep.,adv.
638,opposite ,adj.,n.,prep.,adv.
639,or ,conj.,,,
640,orange ,n.,adj.,,
641,orange ,n.,adj.,,
642,order ,n.,v.,,
643,order ,n.,v.,,
644,other ,adj./pron.,,,
645,our ,det.,,,
646,out ,adv./prep.,,,
647,outside ,adv.,,,
648,over ,prep.,adv.,,
649,over ,prep.,adv.,,
650,own ,adj./pron.,,,
651,page ,n.,,,
652,paint ,v.,n.,,
653,paint ,v.,n.,,
654,painting ,n.,,,
655,pair ,n.,,,
656,paper ,n.,,,
657,paragraph ,n.,,,
658,parent ,n.,,,
659,park ,n.,v.,,
660,park ,n.,v.,,
661,part ,n.,,,
662,partner ,n.,,,
663,party ,n.,,,
664,passport ,n.,,,
665,past ,adj.,n.,prep.,
666,past ,adj.,n.,prep.,
667,past ,adj.,n.,prep.,
668,pay ,v.,,,
669,pen ,n.,,,
670,pencil ,n.,,,
671,people ,n.,,,
672,pepper ,n.,,,
673,perfect ,adj.,,,
674,period ,n.,,,
675,person ,n.,,,
676,personal ,adj.,,,
677,phone ,n.,v.,,
678,phone ,n.,v.,,
679,photo ,n.,,,
680,photograph ,n.,,,
681,phrase ,n.,,,
682,piano ,n.,,,
683,picture ,n.,,,
684,piece ,n.,,,
685,pig ,n.,,,
686,pink ,adj.,n.,,
687,pink ,adj.,n.,,
688,place ,n.,,,
689,plan ,n.,v.,,
690,plan ,n.,v.,,
691,plane ,n.,,,
692,plant ,n.,,,
693,play ,v.,n.,,
694,play ,v.,n.,,
695,player ,n.,,,
696,please ,exclam.,,,
697,point ,n.,,,
698,police ,n.,,,
699,policeman ,n.,,,
700,pool ,n.,,,
701,poor ,adj.,,,
702,popular ,adj.,,,
703,positive ,adj.,,,
704,possible ,adj.,,,
705,post ,n.,v.,,
706,post ,n.,v.,,
707,potato ,n.,,,
708,pound ,n.,,,
709,practice ,n.,,,
710,practise ,v.,,,
711,prefer ,v.,,,
712,prepare ,v.,,,
713,present ,adj.,n.,,
714,present ,adj.,n.,,
715,pretty ,adj.,adv.,,
716,pretty ,adj.,adv.,,
717,price ,n.,,,
718,probably ,adv.,,,
719,problem ,n.,,,
720,product ,n.,,,
721,programme ,n.,,,
722,project ,n.,,,
723,purple ,adj.,n.,,
724,purple ,adj.,n.,,
725,put ,v.,,,
726,quarter ,n.,,,
727,question ,n.,,,
728,quick ,adj.,,,
729,quickly ,adv.,,,
730,quiet ,adj.,,,
731,quite ,adv.,,,
732,radio ,n.,,,
733,rain ,n.,v.,,
734,rain ,n.,v.,,
735,read ,v.,,,
736,reader ,n.,,,
737,reading ,n.,,,
738,ready ,adj.,,,
739,real ,adj.,,,
740,really ,adv.,,,
741,reason ,n.,,,
742,red ,adj.,n.,,
743,red ,adj.,n.,,
744,relax ,v.,,,
745,remember ,v.,,,
746,repeat ,v.,,,
747,report ,n.,,,
748,restaurant ,n.,,,
749,result ,n.,,,
750,return ,v.,n.,,
751,return ,v.,n.,,
752,rice ,n.,,,
753,rich ,adj.,,,
754,ride ,v.,,,
755,right ,adj.,adv.,n.,
756,right ,adj.,adv.,n.,
757,right ,adj.,adv.,n.,
758,river ,n.,,,
759,road ,n.,,,
760,room ,n.,,,
761,routine ,n.,,,
762,rule ,n.,,,
763,run ,v.,,,
764,sad ,adj.,,,
765,salad ,n.,,,
766,salt ,n.,,,
767,same ,adj.,pron.,adv.,
768,same ,adj.,pron.,adv.,
769,same ,adj.,pron.,adv.,
770,sandwich ,n.,,,
771,Saturday ,n.,,,
772,say ,v.,,,
773,school ,n.,,,
774,science ,n.,,,
775,scientist ,n.,,,
776,sea ,n.,,,
777,second1 ,det./,,,
778,number,,,,
779,second1 ,n.,,,
780,section ,n.,,,
781,see ,v.,,,
782,sell ,v.,,,
783,send ,v.,,,
784,sentence ,n.,,,
785,September ,n.,,,
786,seven ,number,,,
787,seventeen ,number,,,
788,seventy ,number,,,
789,share ,v.,,,
790,she ,pron.,,,
791,sheep ,n.,,,
792,shirt ,n.,,,
793,shoe ,n.,,,
794,shop ,n.,v.,,
795,shop ,n.,v.,,
796,shopping ,n.,,,
797,short ,adj.,,,
798,should ,modal v.,,,
799,show ,v.,n.,,
800,show ,v.,n.,,
801,shower ,n.,,,
802,sick ,adj.,,,
803,similar ,adj.,,,
804,sing ,v.,,,
805,singer ,n.,,,
806,sister ,n.,,,
807,sit ,v.,,,
808,situation ,n.,,,
809,six ,number,,,
810,sixteen ,number,,,
811,sixty ,number,,,
812,skill ,n.,,,
813,skirt ,n.,,,
814,sleep ,v.,,,
815,slow ,adj.,,,
816,small ,adj.,,,
817,snake ,n.,,,
818,snow ,n.,v.,,
819,snow ,n.,v.,,
820,so ,adv.,conj.,,
821,so ,adv.,conj.,,
822,some ,det.,pron.,,
823,some ,det.,pron.,,
824,somebody ,pron.,,,
825,someone ,pron.,,,
826,something ,pron.,,,
827,sometimes ,adv.,,,
828,son ,n.,,,
829,song ,n.,,,
830,soon ,adv.,,,
831,sorry ,adj.,exclam.,,
832,sorry ,adj.,exclam.,,
833,sound ,n.,v.,,
834,sound ,n.,v.,,
835,soup ,n.,,,
836,south ,n.,adj.,adv.,
837,south ,n.,adj.,adv.,
838,south ,n.,adj.,adv.,
839,space ,n.,,,
840,speak ,v.,,,
841,special ,adj.,,,
842,spell ,v.,,,
843,spelling ,n.,,,
844,spend ,v.,,,
845,sport ,n.,,,
846,spring ,n.,,,
847,stand ,v.,,,
848,star ,n.,,,
849,start ,v.,,,
850,statement ,n.,,,
851,station ,n.,,,
852,stay ,v.,,,
853,still ,adv.,,,
854,stop ,v.,n.,,
855,stop ,v.,n.,,
856,story ,n.,,,
857,street ,n.,,,
858,strong ,adj.,,,
859,student ,n.,,,
860,study ,n.,v.,,
861,study ,n.,v.,,
862,style ,n.,,,
863,subject ,n.,,,
864,success ,n.,,,
865,sugar ,n.,,,
866,summer ,n.,,,
867,sun ,n.,,,
868,Sunday ,n.,,,
869,supermarket ,n.,,,
870,sure ,adj.,,,
871,sweater ,n.,,,
872,swim ,v.,,,
873,swimming ,n.,,,
874,table ,n.,,,
875,take ,v.,,,
876,talk ,v.,,,
877,tall ,adj.,,,
878,taxi ,n.,,,
879,tea ,n.,,,
880,teach ,v.,,,
881,teacher ,n.,,,
882,team ,n.,,,
883,teenager ,n.,,,
884,telephone ,n.,v.,,
885,telephone ,n.,v.,,
886,television ,n.,,,
887,tell ,v.,,,
888,ten ,number,,,
889,tennis ,n.,,,
890,terrible ,adj.,,,
891,test ,n.,v.,,
892,test ,n.,v.,,
893,text ,n.,,,
894,than ,conj.,,,
895,thank ,v.,,,
896,thanks ,exclam.,n.,,
897,thanks ,exclam.,n.,,
898,that ,det.,pron.,conj.,
899,that ,det.,pron.,conj.,
900,that ,det.,pron.,conj.,
901,the ,definite article,,,
902,theatre ,n.,,,
903,their ,det.,,,
904,them ,pron.,,,
905,then ,adv.,,,
906,there ,adv.,,,
907,they ,pron.,,,
908,thing ,n.,,,
909,think ,v.,,,
910,third ,number,,,
911,thirsty ,adj.,,,
912,thirteen ,number,,,
913,thirty ,number,,,
914,this ,det./pron.,,,
915,thousand ,number,,,
916,three ,number,,,
917,through ,prep.,adv.,,
918,through ,prep.,adv.,,
919,Thursday ,n.,,,
920,ticket ,n.,,,
921,time ,n.,,,
922,tired ,adj.,,,
923,title ,n.,,,
924,to ,prep.,infinitive marker,,
925,to ,prep.,infinitive marker,,
926,today ,adv.,n.,,
927,today ,adv.,n.,,
928,together ,adv.,,,
929,toilet ,n.,,,
930,tomato ,n.,,,
931,tomorrow ,adv.,n.,,
932,tomorrow ,adv.,n.,,
933,tonight ,adv.,n.,,
934,tonight ,adv.,n.,,
935,too ,adv.,,,
936,tooth ,n.,,,
937,topic ,n.,,,
938,tourist ,n.,,,
939,town ,n.,,,
940,traffic ,n.,,,
941,train ,n.,,,
942,travel ,v.,n.,,
943,travel ,v.,n.,,
944,tree ,n.,,,
945,trip ,n.,,,
946,trousers ,n.,,,
947,true ,adj.,,,
948,try ,v.,,,
949,T-shirt ,n.,,,
950,Tuesday ,n.,,,
951,turn ,v.,n.,,
952,turn ,v.,n.,,
953,TV ,n.,,,
954,twelve ,number,,,
955,twenty ,number,,,
956,twice ,adv.,,,
957,two ,number,,,
958,type ,n.,,,
959,umbrella ,n.,,,
960,uncle ,n.,,,
961,under ,prep.,adv.,,
962,under ,prep.,adv.,,
963,understand ,v.,,,
964,university ,n.,,,
965,until ,conj./prep.,,,
966,up ,adv.,prep.,,
967,up ,adv.,prep.,,
968,upstairs ,adv.,,,
969,us ,pron.,,,
970,use ,v.,,,
971,useful ,adj.,,,
972,usually ,adv.,,,
973,vacation ,n.,,,
974,vegetable ,n.,,,
975,very ,adv.,,,
976,video ,n.,,,
977,village ,n.,,,
978,visit ,v.,n.,,
979,visit ,v.,n.,,
980,visitor ,n.,,,
981,wait ,v.,,,
982,waiter ,n.,,,
983,wake ,v.,,,
984,walk ,v.,n.,,
985,walk ,v.,n.,,
986,wall ,n.,,,
987,want ,v.,,,
988,warm ,adj.,,,
989,wash ,v.,,,
990,watch ,v.,n.,,
991,watch ,v.,n.,,
992,water ,n.,,,
993,way ,n.,,,
994,we ,pron.,,,
995,wear ,v.,,,
996,weather ,n.,,,
997,website ,n.,,,
998,Wednesday ,n.,,,
999,week ,n.,,,
1000,weekend ,n.,,,
1001,welcome ,exclam.,v.,adj.,
1002,welcome ,exclam.,v.,adj.,
1003,welcome ,exclam.,v.,adj.,
1004,well ,adv.,adj.,exclam.,
1005,well ,adv.,adj.,exclam.,
1006,well ,adv.,adj.,exclam.,
1007,west ,n.,adj.,adv.,
1008,west ,n.,adj.,adv.,
1009,west ,n.,adj.,adv.,
1010,what ,pron./det.,,,
1011,when ,adv.,pron.,conj.,
1012,when ,adv.,pron.,conj.,
1013,when ,adv.,pron.,conj.,
1014,where ,adv.,conj.,,
1015,where ,adv.,conj.,,
1016,which ,pron./det.,,,
1017,white ,adj.,n.,,
1018,white ,adj.,n.,,
1019,who ,pron.,,,
1020,why ,adv.,,,
1021,wife ,n.,,,
1022,will ,modal v.,,,
1023,win ,v.,,,
1024,window ,n.,,,
1025,wine ,n.,,,
1026,winter ,n.,,,
1027,with ,prep.,,,
1028,without ,prep.,,,
1029,woman ,n.,,,
1030,wonderful ,adj.,,,
1031,word ,n.,,,
1032,work ,v.,n.,,
1033,work ,v.,n.,,
1034,worker ,n.,,,
1035,world ,n.,,,
1036,would ,modal v.,,,
1037,write ,v.,,,
1038,writer ,n.,,,
1039,writing ,n.,,,
1040,wrong ,adj.,,,
1041,yeah ,exclam.,,,
1042,year ,n.,,,
1043,yellow ,adj.,n.,,
1044,yellow ,adj.,n.,,
1045,yes ,exclam.,,,
1046,yesterday ,adv.,n.,,
1047,yesterday ,adv.,n.,,
1048,you ,pron.,,,
1049,young ,adj.,,,
1050,your ,det.,,,
1051,yourself ,pron.,,,
1052,ability ,n.,,,
1053,able ,adj.,,,
1054,abroad ,adv.,,,
1055,accept ,v.,,,
1056,accident ,n.,,,
1057,according to ,prep.,,,
1058,achieve ,v.,,,
1059,act ,v.,,,
1060,active ,adj.,,,
1061,actually ,adv.,,,
1062,adult ,adj.,,,
1063,advantage ,n.,,,
1064,adventure ,n.,,,
1065,advertise ,v.,,,
1066,advertisement ,n.,,,
1067,advertising ,n.,,,
1068,affect ,v.,,,
1069,after ,conj.,adv.,,
1070,after ,conj.,adv.,,
1071,against ,prep.,,,
1072,ah ,exclam.,,,
1073,airline ,n.,,,
1074,alive ,adj.,,,
1075,all ,adv.,,,
1076,all right ,adj./adv.,exclam.,,
1077,all right ,adj./adv.,exclam.,,
1078,allow ,v.,,,
1079,almost ,adv.,,,
1080,alone ,adj./adv.,,,
1081,along ,prep.,adv.,,
1082,along ,prep.,adv.,,
1083,already ,adv.,,,
1084,alternative ,n.,,,
1085,although ,conj.,,,
1086,among ,prep.,,,
1087,amount ,n.,,,
1088,ancient ,adj.,,,
1089,ankle ,n.,,,
1090,any ,adv.,,,
1091,anybody ,pron.,,,
1092,any more ,adv.,,,
1093,anyway ,adv.,,,
1094,anywhere ,adv.,pron.,,
1095,anywhere ,adv.,pron.,,
1096,app ,n.,,,
1097,appear ,v.,,,
1098,appearance ,n.,,,
1099,apply ,v.,,,
1100,architect ,n.,,,
1101,architecture ,n.,,,
1102,argue ,v.,,,
1103,argument ,n.,,,
1104,army ,n.,,,
1105,arrange ,v.,,,
1106,arrangement ,n.,,,
1107,as ,adv.,conj.,,
1108,as ,adv.,conj.,,
1109,asleep ,adj.,,,
1110,assistant ,n.,adj.,,
1111,assistant ,n.,adj.,,
1112,athlete ,n.,,,
1113,attack ,n.,v.,,
1114,attack ,n.,v.,,
1115,attend ,v.,,,
1116,attention ,n.,exclam.,,
1117,attention ,n.,exclam.,,
1118,attractive ,adj.,,,
1119,audience ,n.,,,
1120,author ,n.,,,
1121,available ,adj.,,,
1122,average ,adj.,n.,,
1123,average ,adj.,n.,,
1124,avoid ,v.,,,
1125,award ,n.,,,
1126,awful ,adj.,,,
1127,back ,adj.,,,
1128,background ,n.,,,
1129,badly ,adv.,,,
1130,bar ,n.,,,
1131,baseball ,n.,,,
1132,based ,adj.,,,
1133,basketball ,n.,,,
1134,bean ,n.,,,
1135,bear ,n.,,,
1136,beat ,v.,,,
1137,beef ,n.,,,
1138,before ,conj.,adv.,,
1139,before ,conj.,adv.,,
1140,behave ,v.,,,
1141,behaviour ,n.,,,
1142,belong ,v.,,,
1143,belt ,n.,,,
1144,benefit ,n.,,,
1145,best ,adv.,n.,,
1146,best ,adv.,n.,,
1147,better ,adv.,,,
1148,between ,adv.,,,
1149,billion ,number,,,
1150,bin ,n.,,,
1151,biology ,n.,,,
1152,birth ,n.,,,
1153,biscuit ,n.,,,
1154,bit ,n.,,,
1155,blank ,adj.,n.,,
1156,blank ,adj.,n.,,
1157,blood ,n.,,,
1158,blow ,v.,,,
1159,board ,n.,,,
1160,boil ,v.,,,
1161,bone ,n.,,,
1162,book ,v.,,,
1163,borrow ,v.,,,
1164,boss ,n.,,,
1165,bottom ,n.,adj.,,
1166,bottom ,n.,adj.,,
1167,bowl ,n.,,,
1168,brain ,n.,,,
1169,bridge ,n.,,,
1170,bright ,adj.,,,
1171,brilliant ,adj.,,,
1172,broken ,adj.,,,
1173,brush ,v.,n.,,
1174,brush ,v.,n.,,
1175,burn ,v.,,,
1176,businessman ,n.,,,
1177,button ,n.,,,
1178,camp ,n.,v.,,
1179,camp ,n.,v.,,
1180,camping ,n.,,,
1181,can2 ,n.,,,
1182,care ,n.,v.,,
1183,care ,n.,v.,,
1184,careful ,adj.,,,
1185,carefully ,adv.,,,
1186,carpet ,n.,,,
1187,cartoon ,n.,,,
1188,case ,n.,,,
1189,cash ,n.,,,
1190,castle ,n.,,,
1191,catch ,v.,,,
1192,cause ,n.,v.,,
1193,cause ,n.,v.,,
1194,celebrate ,v.,,,
1195,celebrity ,n.,,,
1196,certain ,adj.,,,
1197,certainly ,adv.,,,
1198,chance ,n.,,,
1199,character ,n.,,,
1200,charity ,n.,,,
1201,chat ,v.,n.,,
1202,chat ,v.,n.,,
1203,check ,n.,,,
1204,chef ,n.,,,
1205,chemistry ,n.,,,
1206,chip ,n.,,,
1207,choice ,n.,,,
1208,church ,n.,,,
1209,cigarette ,n.,,,
1210,circle ,n.,v.,,
1211,circle ,n.,v.,,
1212,classical ,adj.,,,
1213,clear ,adj.,,,
1214,clearly ,adv.,,,
1215,clever ,adj.,,,
1216,climate ,n.,,,
1217,close2 ,adj.,,,
1218,closed ,adj.,,,
1219,clothing ,n.,,,
1220,cloud ,n.,,,
1221,coach ,n.,,,
1222,coast ,n.,,,
1223,code ,n.,,,
1224,colleague ,n.,,,
1225,collect ,v.,,,
1226,column ,n.,,,
1227,comedy ,n.,,,
1228,comfortable ,adj.,,,
1229,comment ,n.,,,
1230,communicate ,v.,,,
1231,community ,n.,,,
1232,compete ,v.,,,
1233,competition ,n.,,,
1234,complain ,v.,,,
1235,completely ,adv.,,,
1236,condition ,n.,,,
1237,conference ,n.,,,
1238,connect ,v.,,,
1239,connected ,adj.,,,
1240,consider ,v.,,,
1241,contain ,v.,,,
1242,context ,n.,,,
1243,continent ,n.,,,
1244,continue ,v.,,,
1245,control ,n.,v.,,
1246,control ,n.,v.,,
1247,cook ,n.,,,
1248,cooker ,n.,,,
1249,copy ,n.,v.,,
1250,copy ,n.,v.,,
1251,corner ,n.,,,
1252,correctly ,adv.,,,
1253,count ,v.,,,
1254,couple ,n.,,,
1255,cover ,v.,,,
1256,crazy ,adj.,,,
1257,creative ,adj.,,,
1258,credit ,n.,,,
1259,crime ,n.,,,
1260,criminal ,n.,,,
1261,cross ,v.,n.,,
1262,cross ,v.,n.,,
1263,crowd ,n.,,,
1264,crowded ,adj.,,,
1265,cry ,v.,,,
1266,cupboard ,n.,,,
1267,curly ,adj.,,,
1268,cycle ,n.,v.,,
1269,cycle ,n.,v.,,
1270,daily ,adj.,,,
1271,danger ,n.,,,
1272,dark ,n.,,,
1273,data ,n.,,,
1274,dead ,adj.,,,
1275,deal ,v.,,,
1276,dear ,exclam.,,,
1277,death ,n.,,,
1278,decision ,n.,,,
1279,deep ,adj.,,,
1280,definitely ,adv.,,,
1281,degree ,n.,,,
1282,dentist ,n.,,,
1283,department ,n.,,,
1284,depend ,v.,,,
1285,desert ,n.,,,
1286,designer ,n.,,,
1287,destroy ,v.,,,
1288,detective ,n.,,,
1289,develop ,v.,,,
1290,device ,n.,,,
1291,diary ,n.,,,
1292,differently ,adv.,,,
1293,digital ,adj.,,,
1294,direct ,adj.,,,
1295,direction ,n.,,,
1296,director ,n.,,,
1297,disagree ,v.,,,
1298,disappear ,v.,,,
1299,disaster ,n.,,,
1300,discover ,v.,,,
1301,discovery ,n.,,,
1302,discussion ,n.,,,
1303,disease ,n.,,,
1304,distance ,n.,,,
1305,divorced ,adj.,,,
1306,document ,n.,,,
1307,double ,adj.,det.,pron.,v.
1308,double ,adj.,det.,pron.,v.
1309,double ,adj.,det.,pron.,v.
1310,double ,adj.,det.,pron.,v.
1311,download ,v.,n.,,
1312,download ,v.,n.,,
1313,downstairs ,adj.,,,
1314,drama ,n.,,,
1315,drawing ,n.,,,
1316,dream ,n.,v.,,
1317,dream ,n.,v.,,
1318,drive ,n.,,,
1319,driving ,n.,,,
1320,drop ,v.,,,
1321,drug ,n.,,,
1322,dry ,adj.,v.,,
1323,dry ,adj.,v.,,
1324,earn ,v.,,,
1325,earth ,n.,,,
1326,easily ,adv.,,,
1327,education ,n.,,,
1328,effect ,n.,,,
1329,either ,det./pron.,adv.,,
1330,either ,det./pron.,adv.,,
1331,electric ,adj.,,,
1332,electrical ,adj.,,,
1333,electricity ,n.,,,
1334,electronic ,adj.,,,
1335,employ ,v.,,,
1336,employee ,n.,,,
1337,employer ,n.,,,
1338,empty ,adj.,,,
1339,ending ,n.,,,
1340,energy ,n.,,,
1341,engine ,n.,,,
1342,engineer ,n.,,,
1343,enormous ,adj.,,,
1344,enter ,v.,,,
1345,environment ,n.,,,
1346,equipment ,n.,,,
1347,error ,n.,,,
1348,especially ,adv.,,,
1349,essay ,n.,,,
1350,everyday ,adj.,,,
1351,everywhere ,adv.,,,
1352,evidence ,n.,,,
1353,exact ,adj.,,,
1354,exactly ,adv.,,,
1355,excellent ,adj.,,,
1356,except ,prep.,,,
1357,exist ,v.,,,
1358,expect ,v.,,,
1359,experience ,n.,,,
1360,experiment ,n.,,,
1361,expert ,"n.,adj.",,,
1362,explanation ,n.,,,
1363,express ,v.,,,
1364,expression ,n.,,,
1365,extreme ,adj.,,,
1366,extremely ,adv.,,,
1367,factor ,n.,,,
1368,factory ,n.,,,
1369,fail ,v.,,,
1370,fair ,adj.,,,
1371,fall ,n.,,,
1372,fan ,n.,,,
1373,farm ,v.,,,
1374,farming ,n.,,,
1375,fashion ,n.,,,
1376,fat ,n.,,,
1377,fear ,n.,,,
1378,feature ,n.,,,
1379,feed ,v.,,,
1380,female ,adj.,n.,,
1381,female ,adj.,n.,,
1382,fiction ,n.,,,
1383,field ,n.,,,
1384,fight ,v.,n.,,
1385,fight ,v.,n.,,
1386,figure ,n.,,,
1387,film ,v.,,,
1388,final ,n.,,,
1389,finally ,adv.,,,
1390,finger ,n.,,,
1391,finish ,n.,,,
1392,first ,n.,,,
1393,firstly ,adv.,,,
1394,fish ,v.,,,
1395,fishing ,n.,,,
1396,fit ,v.,adj.,,
1397,fit ,v.,adj.,,
1398,fix ,v.,,,
1399,flat ,adj.,,,
1400,flu ,n.,,,
1401,fly ,n.,,,
1402,flying ,n.,adj.,,
1403,flying ,n.,adj.,,
1404,focus ,v.,n.,,
1405,focus ,v.,n.,,
1406,following ,adj.,,,
1407,foreign ,adj.,,,
1408,forest ,n.,,,
1409,fork ,n.,,,
1410,formal ,adj.,,,
1411,fortunately ,adv.,,,
1412,forward ,adv.,,,
1413,free ,adv.,,,
1414,fresh ,adj.,,,
1415,fridge ,n.,,,
1416,frog ,n.,,,
1417,fun ,adj.,,,
1418,furniture ,n.,,,
1419,further ,adj.,,,
1420,future ,adj.,,,
1421,gallery ,n.,,,
1422,gap ,n.,,,
1423,gas ,n.,,,
1424,gate ,n.,,,
1425,general ,adj.,,,
1426,gift ,n.,,,
1427,goal ,n.,,,
1428,god ,n.,,,
1429,gold ,n.,adj.,,
1430,gold ,n.,adj.,,
1431,golf ,n.,,,
1432,good ,n.,,,
1433,government ,n.,,,
1434,grass ,n.,,,
1435,greet ,v.,,,
1436,ground ,n.,,,
1437,guest ,n.,,,
1438,guide ,n.,v.,,
1439,guide ,n.,v.,,
1440,gun ,n.,,,
1441,guy ,n.,,,
1442,habit ,n.,,,
1443,half ,adv.,,,
1444,hall ,n.,,,
1445,happily ,adv.,,,
1446,have ,auxiliary v.,,,
1447,headache ,n.,,,
1448,heart ,n.,,,
1449,heat ,n.,v.,,
1450,heat ,n.,v.,,
1451,heavy ,adj.,,,
1452,height ,n.,,,
1453,helpful ,adj.,,,
1454,hero ,n.,,,
1455,hers ,pron.,,,
1456,herself ,pron.,,,
1457,hide ,v.,,,
1458,high ,adv.,,,
1459,hill ,n.,,,
1460,himself ,pron.,,,
1461,his ,pron.,,,
1462,hit ,v.,n.,,
1463,hit ,v.,n.,,
1464,hockey ,n.,,,
1465,hold ,v.,,,
1466,hole ,n.,,,
1467,home ,adj.,,,
1468,hope ,n.,,,
1469,huge ,adj.,,,
1470,human ,adj.,n.,,
1471,human ,adj.,n.,,
1472,hurt ,v.,adj.,,
1473,hurt ,v.,adj.,,
1474,ideal ,adj.,,,
1475,identify ,v.,,,
1476,ill ,adj.,,,
1477,illness ,n.,,,
1478,image ,n.,,,
1479,immediately ,adv.,,,
1480,impossible ,adj.,,,
1481,included ,adj.,,,
1482,including ,prep.,,,
1483,increase ,v.,n.,,
1484,increase ,v.,n.,,
1485,incredible ,adj.,,,
1486,independent ,adj.,,,
1487,individual ,n.,adj.,,
1488,individual ,n.,adj.,,
1489,industry ,n.,,,
1490,informal ,adj.,,,
1491,injury ,n.,,,
1492,insect ,n.,,,
1493,inside ,prep.,adv.,n.,adj.
1494,inside ,prep.,adv.,n.,adj.
1495,inside ,prep.,adv.,n.,adj.
1496,inside ,prep.,adv.,n.,adj.
1497,instead ,adv.,,,
1498,instruction ,n.,,,
1499,instructor ,n.,,,
1500,instrument ,n.,,,
1501,intelligent ,adj.,,,
1502,international ,adj.,,,
1503,introduction ,n.,,,
1504,invent ,v.,,,
1505,invention ,n.,,,
1506,invitation ,n.,,,
1507,invite ,v.,,,
1508,involve ,v.,,,
1509,item ,n.,,,
1510,itself ,pron.,,,
1511,jam ,n.,,,
1512,jazz ,n.,,,
1513,jewellery ,n.,,,
1514,joke ,n.,v.,,
1515,joke ,n.,v.,,
1516,journalist ,n.,,,
1517,jump ,v.,n.,,
1518,jump ,v.,n.,,
1519,kid ,n.,,,
1520,kill ,v.,,,
1521,king ,n.,,,
1522,knee ,n.,,,
1523,knife ,n.,,,
1524,knock ,v.,,,
1525,knowledge ,n.,,,
1526,lab ,n.,,,
1527,lady ,n.,,,
1528,lake ,n.,,,
1529,lamp ,n.,,,
1530,land ,v.,,,
1531,laptop ,n.,,,
1532,last1 ,adv.,n.,,
1533,last1 ,adv.,n.,,
1534,last1 ,v.,,,
1535,later ,adj.,,,
1536,laughter ,n.,,,
1537,law ,n.,,,
1538,lawyer ,n.,,,
1539,lazy ,adj.,,,
1540,lead1 ,v.,,,
1541,leader ,n.,,,
1542,learning ,n.,,,
1543,least ,det./pron.,adv.,,
1544,least ,det./pron.,adv.,,
1545,lecture ,n.,v.,,
1546,lecture ,n.,v.,,
1547,lemon ,n.,,,
1548,lend ,v.,,,
1549,less ,det./pron.,adv.,,
1550,less ,det./pron.,adv.,,
1551,level ,n.,,,
1552,lifestyle ,n.,,,
1553,lift ,v.,n.,,
1554,lift ,v.,n.,,
1555,light ,v.,,,
1556,light ,adj.,,,
1557,likely ,adj.,,,
1558,link ,n.,v.,,
1559,link ,n.,v.,,
1560,listener ,n.,,,
1561,little ,adv.,,,
1562,lock ,v.,n.,,
1563,lock ,v.,n.,,
1564,look ,n.,,,
1565,lorry ,n.,,,
1566,lost ,adj.,,,
1567,loud ,adj.,adv.,,
1568,loud ,adj.,adv.,,
1569,loudly ,adv.,,,
1570,lovely ,adj.,,,
1571,low ,adj.,adv.,,
1572,low ,adj.,adv.,,
1573,luck ,n.,,,
1574,lucky ,adj.,,,
1575,mail ,n.,v.,,
1576,mail ,n.,v.,,
1577,major ,adj.,,,
1578,male ,adj.,n.,,
1579,male ,adj.,n.,,
1580,manage ,v.,,,
1581,manager ,n.,,,
1582,manner ,n.,,,
1583,mark ,v.,n.,,
1584,mark ,v.,n.,,
1585,marry ,v.,,,
1586,material ,n.,,,
1587,mathematics ,n.,,,
1588,maths ,n.,,,
1589,matter ,n.,v.,,
1590,matter ,n.,v.,,
1591,may ,modal v.,,,
1592,media ,n.,,,
1593,medical ,adj.,,,
1594,medicine ,n.,,,
1595,memory ,n.,,,
1596,mention ,v.,,,
1597,metal ,n.,,,
1598,method ,n.,,,
1599,middle ,n.,adj.,,
1600,middle ,n.,adj.,,
1601,might ,modal v.,,,
1602,mind ,n.,v.,,
1603,mind ,n.,v.,,
1604,mine ,pron.,,,
1605,mirror ,n.,,,
1606,missing ,adj.,,,
1607,mobile ,adj.,n.,,
1608,mobile ,adj.,n.,,
1609,monkey ,n.,,,
1610,moon ,n.,,,
1611,mostly ,adv.,,,
1612,motorcycle ,n.,,,
1613,movement ,n.,,,
1614,musical ,adj.,,,
1615,musician ,n.,,,
1616,myself ,pron.,,,
1617,narrow ,adj.,,,
1618,national ,adj.,,,
1619,nature ,n.,,,
1620,nearly ,adv.,,,
1621,necessary ,adj.,,,
1622,neck ,n.,,,
1623,need ,n.,,,
1624,neither ,det./pron.,,,
1625,nervous ,adj.,,,
1626,network ,n.,,,
1627,noise ,n.,,,
1628,noisy ,adj.,,,
1629,none ,pron.,,,
1630,normal ,adj.,,,
1631,normally ,adv.,,,
1632,notice ,v.,n.,,
1633,notice ,v.,n.,,
1634,novel ,n.,,,
1635,nowhere ,adv.,,,
1636,number ,v.,,,
1637,nut ,n.,,,
1638,ocean ,n.,,,
1639,offer ,v.,n.,,
1640,offer ,v.,n.,,
1641,officer ,n.,,,
1642,oil ,n.,,,
1643,onto ,prep.,,,
1644,opportunity ,n.,,,
1645,option ,n.,,,
1646,ordinary ,adj.,,,
1647,organization ,n.,,,
1648,organize ,v.,,,
1649,original ,adj.,,,
1650,ourselves ,pron.,,,
1651,outside ,prep.,n.,adj.,
1652,outside ,prep.,n.,adj.,
1653,outside ,prep.,n.,adj.,
1654,oven ,n.,,,
1655,own ,v.,,,
1656,owner ,n.,,,
1657,pack ,v.,,,
1658,pain ,n.,,,
1659,painter ,n.,,,
1660,palace ,n.,,,
1661,pants ,n.,,,
1662,parking ,n.,,,
1663,particular ,adj.,,,
1664,pass ,v.,,,
1665,passenger ,n.,,,
1666,past ,adv.,,,
1667,patient ,n.,,,
1668,pattern ,n.,,,
1669,pay ,n.,,,
1670,peace ,n.,,,
1671,penny ,n.,,,
1672,per ,prep.,,,
1673,per cent ,n.,adj./adv.,,
1674,per cent ,n.,adj./adv.,,
1675,perform ,v.,,,
1676,perhaps ,adv.,,,
1677,permission ,n.,,,
1678,personality ,n.,,,
1679,pet ,n.,,,
1680,petrol ,n.,,,
1681,photograph ,v.,,,
1682,physical ,adj.,,,
1683,physics ,n.,,,
1684,pick ,v.,,,
1685,pilot ,n.,,,
1686,planet ,n.,,,
1687,plant ,v.,,,
1688,plastic ,n.,adj.,,
1689,plastic ,n.,adj.,,
1690,plate ,n.,,,
1691,platform ,n.,,,
1692,please ,v.,,,
1693,pleased ,adj.,,,
1694,pocket ,n.,,,
1695,polite ,adj.,,,
1696,pollution ,n.,,,
1697,pop ,n.,adj.,,
1698,pop ,n.,adj.,,
1699,population ,n.,,,
1700,position ,n.,,,
1701,possession ,n.,,,
1702,possibility ,n.,,,
1703,poster ,n.,,,
1704,power ,n.,,,
1705,predict ,v.,,,
1706,present ,v.,,,
1707,president ,n.,,,
1708,prevent ,v.,,,
1709,print ,v.,,,
1710,printer ,n.,,,
1711,prison ,n.,,,
1712,prize ,n.,,,
1713,process ,n.,,,
1714,produce ,v.,,,
1715,professional ,adj.,,,
1716,professor ,n.,,,
1717,profile ,n.,,,
1718,program ,n.,,,
1719,progress ,n.,,,
1720,promise ,v.,n.,,
1721,promise ,v.,n.,,
1722,pronounce ,v.,,,
1723,protect ,v.,,,
1724,provide ,v.,,,
1725,pub ,n.,,,
1726,public ,adj.,n.,,
1727,public ,adj.,n.,,
1728,publish ,v.,,,
1729,pull ,v.,,,
1730,purpose ,n.,,,
1731,push ,v.,,,
1732,quality ,n.,,,
1733,quantity ,n.,,,
1734,queen ,n.,,,
1735,question ,v.,,,
1736,quietly ,adv.,,,
1737,race ,n.,v.,,
1738,race ,n.,v.,,
1739,railway ,n.,,,
1740,raise ,v.,,,
1741,rate ,n.,,,
1742,rather ,adv.,,,
1743,reach ,v.,,,
1744,react ,v.,,,
1745,realize ,v.,,,
1746,receive ,v.,,,
1747,recent ,adj.,,,
1748,recently ,adv.,,,
1749,reception ,n.,,,
1750,recipe ,n.,,,
1751,recognize ,v.,,,
1752,recommend ,v.,,,
1753,record ,n.,v.,,
1754,record ,n.,v.,,
1755,recording ,n.,,,
1756,recycle ,v.,,,
1757,reduce ,v.,,,
1758,refer ,v.,,,
1759,refuse1 ,v.,,,
1760,region ,n.,,,
1761,regular ,adj.,,,
1762,relationship ,n.,,,
1763,remove ,v.,,,
1764,repair ,v.,,,
1765,replace ,v.,,,
1766,reply ,v.,n.,,
1767,reply ,v.,n.,,
1768,report ,v.,,,
1769,reporter ,n.,,,
1770,request ,n.,,,
1771,research ,n.,v.,,
1772,research ,n.,v.,,
1773,researcher ,n.,,,
1774,respond ,v.,,,
1775,response ,n.,,,
1776,rest ,n.,,,
1777,rest ,n.,v.,,
1778,rest ,n.,v.,,
1779,review ,n.,v.,,
1780,review ,n.,v.,,
1781,ride ,n.,,,
1782,ring1 ,n.,,,
1783,ring2 ,v.,,,
1784,rise ,v.,,,
1785,rock ,n.,,,
1786,rock ,n.,,,
1787,role ,n.,,,
1788,roof ,n.,,,
1789,round ,adj.,adv.,prep.,
1790,round ,adj.,adv.,prep.,
1791,round ,adj.,adv.,prep.,
1792,route ,n.,,,
1793,rubbish ,n.,,,
1794,rude ,adj.,,,
1795,run ,n.,,,
1796,runner ,n.,,,
1797,running ,n.,,,
1798,sadly ,adv.,,,
1799,safe ,adj.,,,
1800,sail ,v.,,,
1801,sailing ,n.,,,
1802,salary ,n.,,,
1803,sale ,n.,,,
1804,sauce ,n.,,,
1805,save ,v.,,,
1806,scared ,adj.,,,
1807,scary ,adj.,,,
1808,scene ,n.,,,
1809,schedule ,n.,,,
1810,score ,v.,n.,,
1811,score ,v.,n.,,
1812,screen ,n.,,,
1813,search ,n.,v.,,
1814,search ,n.,v.,,
1815,season ,n.,,,
1816,seat ,n.,,,
1817,second1 ,adv.,,,
1818,secondly ,adv.,,,
1819,secret ,adj.,n.,,
1820,secret ,adj.,n.,,
1821,secretary ,n.,,,
1822,seem ,v.,,,
1823,sense ,n.,,,
1824,separate ,adj.,,,
1825,series ,n.,,,
1826,serious ,adj.,,,
1827,serve ,v.,,,
1828,service ,n.,,,
1829,several ,det./pron.,,,
1830,shake ,v.,,,
1831,shall ,modal v.,,,
1832,shape ,n.,,,
1833,sheet ,n.,,,
1834,ship ,n.,,,
1835,shoulder ,n.,,,
1836,shout ,v.,n.,,
1837,shout ,v.,n.,,
1838,shut ,v.,adj.,,
1839,shut ,v.,adj.,,
1840,side ,n.,,,
1841,sign ,n.,v.,,
1842,sign ,n.,v.,,
1843,silver ,n.,adj.,,
1844,silver ,n.,adj.,,
1845,simple ,adj.,,,
1846,since ,prep.,conj.,,
1847,since ,prep.,conj.,,
1848,singing ,n.,,,
1849,single ,adj.,n.,,
1850,single ,adj.,n.,,
1851,sir ,n.,,,
1852,site ,n.,,,
1853,size ,n.,,,
1854,ski ,v.,adj.,n.,
1855,ski ,v.,adj.,n.,
1856,ski ,v.,adj.,n.,
1857,skiing ,n.,,,
1858,skin ,n.,,,
1859,sky ,n.,,,
1860,sleep ,n.,,,
1861,slowly ,adv.,,,
1862,smartphone ,n. ,,,
1863,smell ,v.,n.,,
1864,smell ,v.,n.,,
1865,smile ,v.,n.,,
1866,smile ,v.,n.,,
1867,smoke ,n.,v.,,
1868,smoke ,n.,v.,,
1869,smoking ,n.,,,
1870,soap ,n.,,,
1871,soccer ,n.,,,
1872,social ,adj.,,,
1873,society ,n.,,,
1874,sock ,n.,,,
1875,soft ,adj.,,,
1876,soldier ,n.,,,
1877,solution ,n.,,,
1878,solve ,v.,,,
1879,somewhere ,adv.,pron.,,
1880,somewhere ,adv.,pron.,,
1881,sort ,n.,,,
1882,source ,n.,,,
1883,speaker ,n.,,,
1884,specific ,adj.,,,
1885,speech ,n.,,,
1886,speed ,n.,,,
1887,spider ,n.,,,
1888,spoon ,n.,,,
1889,square ,adj.,n.,,
1890,square ,adj.,n.,,
1891,stage ,n.,,,
1892,stair ,n.,,,
1893,stamp ,n.,,,
1894,star ,v.,,,
1895,start ,n.,,,
1896,state ,n.,,,
1897,stay ,n.,,,
1898,steal ,v.,,,
1899,step ,n.,,,
1900,stomach ,n.,,,
1901,stone ,n.,,,
1902,store ,n.,,,
1903,storm ,n.,,,
1904,straight ,adv.,adj.,,
1905,straight ,adv.,adj.,,
1906,strange ,adj.,,,
1907,strategy ,n.,,,
1908,stress ,n.,v.,,
1909,stress ,n.,v.,,
1910,structure ,n.,,,
1911,stupid ,adj.,,,
1912,succeed ,v.,,,
1913,successful ,adj.,,,
1914,such ,det./pron.,,,
1915,suddenly ,adv.,,,
1916,suggest ,v.,,,
1917,suggestion ,n.,,,
1918,suit ,n.,,,
1919,support ,v.,n.,,
1920,support ,v.,n.,,
1921,suppose ,v.,,,
1922,sure ,adv.,,,
1923,surprise ,n.,v.,,
1924,surprise ,n.,v.,,
1925,surprised ,adj.,,,
1926,surprising ,adj.,,,
1927,survey ,n.,,,
1928,sweet ,adj.,n.,,
1929,sweet ,adj.,n.,,
1930,symbol ,n.,,,
1931,system ,n.,,,
1932,tablet ,n.,,,
1933,talk ,n.,,,
1934,target ,n.,,,
1935,task ,n.,,,
1936,taste ,n.,v.,,
1937,taste ,n.,v.,,
1938,teaching ,n.,,,
1939,technology ,n.,,,
1940,teenage ,adj.,,,
1941,temperature ,n.,,,
1942,term ,n.,,,
1943,text ,v.,,,
1944,themselves ,pron.,,,
1945,thick ,adj.,,,
1946,thief ,n.,,,
1947,thin ,adj.,,,
1948,thinking ,n.,,,
1949,third ,n.,,,
1950,thought ,n.,,,
1951,throw ,v.,,,
1952,tidy ,adj.,v.,,
1953,tidy ,adj.,v.,,
1954,tie ,v.,n.,,
1955,tie ,v.,n.,,
1956,tip ,n.,,,
1957,tool ,n.,,,
1958,top ,n.,adj.,,
1959,top ,n.,adj.,,
1960,touch ,v.,,,
1961,tour ,n.,,,
1962,tourism ,n.,,,
1963,towards ,prep.,,,
1964,towel ,n.,,,
1965,tower ,n.,,,
1966,toy ,n.,adj.,,
1967,toy ,n.,adj.,,
1968,track ,n.,,,
1969,tradition ,n.,,,
1970,traditional ,adj.,,,
1971,train ,v.,,,
1972,trainer ,n.,,,
1973,training ,n.,,,
1974,transport ,n.,,,
1975,traveller ,n.,,,
1976,trouble ,n.,,,
1977,truck ,n.,,,
1978,twin ,n.,adj.,,
1979,twin ,n.,adj.,,
1980,typical ,adj.,,,
1981,underground ,adj.,adv.,,
1982,underground ,adj.,adv.,,
1983,understanding ,n.,,,
1984,unfortunately ,adv.,,,
1985,unhappy ,adj.,,,
1986,uniform ,n.,,,
1987,unit ,n.,,,
1988,united ,adj.,,,
1989,unusual ,adj.,,,
1990,upstairs ,adj.,,,
1991,use ,n.,,,
1992,used to ,modal v.,,,
1993,user ,n.,,,
1994,usual ,adj.,,,
1995,valley ,n.,,,
1996,van ,n.,,,
1997,variety ,n.,,,
1998,vehicle ,n.,,,
1999,view ,n.,,,
2000,virus ,n.,,,
2001,voice ,n.,,,
2002,wait ,n.,,,
2003,war ,n.,,,
2004,wash ,n.,,,
2005,washing ,n.,,,
2006,wave ,n.,,,
2007,weak ,adj.,,,
2008,web ,n.,,,
2009,wedding ,n.,,,
2010,weight ,n.,,,
2011,welcome ,n.,,,
2012,wet ,adj.,,,
2013,wheel ,n.,,,
2014,while ,conj.,,,
2015,whole ,adj.,,,
2016,whose ,det./pron.,,,
2017,wide ,adj.,,,
2018,wild ,adj.,,,
2019,wind1 ,n.,,,
2020,winner ,n.,,,
2021,wish ,v.,n.,,
2022,wish ,v.,n.,,
2023,wood ,n.,,,
2024,wooden ,adj.,,,
2025,working ,adj.,,,
2026,worried ,adj.,,,
2027,worry ,v.,,,
2028,worse ,adj.,,,
2029,wow ,exclam.,,,
2030,yet ,adv.,,,
2031,yours ,pron.,,,
2032,zero ,number,,,
2033,absolutely ,adv.,,,
2034,academic ,adj.,,,
2035,access ,n.,v.,,
2036,access ,n.,v.,,
2037,accommodation ,n.,,,
2038,account ,n.,,,
2039,achievement ,n.,,,
2040,act ,n.,,,
2041,ad ,n.,,,
2042,addition ,n.,,,
2043,admire ,v.,,,
2044,admit ,v.,,,
2045,advanced ,adj.,,,
2046,advise ,v.,,,
2047,afford ,v.,,,
2048,age ,v.,,,
2049,aged ,adj.,,,
2050,agent ,n.,,,
2051,agreement ,n.,,,
2052,ahead ,adv.,,,
2053,aim ,v.,n.,,
2054,aim ,v.,n.,,
2055,alarm ,n.,,,
2056,album ,n.,,,
2057,alcohol ,n.,,,
2058,alcoholic ,adj.,,,
2059,alternative ,adj.,,,
2060,amazed ,adj.,,,
2061,ambition ,n.,,,
2062,ambitious ,adj.,,,
2063,analyse ,v.,,,
2064,analysis ,n.,,,
2065,announce ,v.,,,
2066,announcement ,n.,,,
2067,annoy ,v.,,,
2068,annoyed ,adj.,,,
2069,annoying ,adj.,,,
2070,apart ,adv.,,,
2071,apologize ,v.,,,
2072,application ,n.,,,
2073,appointment ,n.,,,
2074,appreciate ,v.,,,
2075,approximately ,adv.,,,
2076,arrest ,v.,n.,,
2077,arrest ,v.,n.,,
2078,arrival ,n.,,,
2079,assignment ,n.,,,
2080,assist ,v.,,,
2081,atmosphere ,n.,,,
2082,attach ,v.,,,
2083,attitude ,n.,,,
2084,attract ,v.,,,
2085,attraction ,n.,,,
2086,authority ,n.,,,
2087,average ,v.,,,
2088,award ,v.,,,
2089,aware ,adj.,,,
2090,backwards ,adv.,,,
2091,bake ,v.,,,
2092,balance ,n.,v.,,
2093,balance ,n.,v.,,
2094,ban ,v.,n.,,
2095,ban ,v.,n.,,
2096,bank ,n.,,,
2097,base ,n.,v.,,
2098,base ,n.,v.,,
2099,basic ,adj.,,,
2100,basis ,n.,,,
2101,battery ,n.,,,
2102,battle ,n.,,,
2103,beauty ,n.,,,
2104,bee ,n.,,,
2105,belief ,n.,,,
2106,bell ,n.,,,
2107,bend ,v.,n.,,
2108,bend ,v.,n.,,
2109,benefit ,v.,,,
2110,better ,n.,,,
2111,bite ,v.,n.,,
2112,bite ,v.,n.,,
2113,block ,n.,v.,,
2114,block ,n.,v.,,
2115,board ,v.,,,
2116,bomb ,n.,v.,,
2117,bomb ,n.,v.,,
2118,border ,n.,,,
2119,bother ,v.,,,
2120,branch ,n.,,,
2121,brand ,n.,v.,,
2122,brand ,n.,v.,,
2123,brave ,adj.,,,
2124,breath ,n.,,,
2125,breathe ,v.,,,
2126,breathing ,n.,,,
2127,bride ,n.,,,
2128,bubble ,n.,,,
2129,bury ,v.,,,
2130,by ,adv.,,,
2131,calm ,adj.,v.,n.,
2132,calm ,adj.,v.,n.,
2133,calm ,adj.,v.,n.,
2134,campaign ,n.,v.,,
2135,campaign ,n.,v.,,
2136,campus ,n.,,,
2137,candidate ,n.,,,
2138,cap ,n.,,,
2139,captain ,n.,,,
2140,careless ,adj.,,,
2141,category ,n.,,,
2142,ceiling ,n.,,,
2143,celebration ,n.,,,
2144,central ,adj.,,,
2145,centre ,v.,,,
2146,ceremony ,n.,,,
2147,chain ,n.,,,
2148,challenge ,n.,,,
2149,champion ,n.,,,
2150,channel ,n.,,,
2151,chapter ,n.,,,
2152,charge ,n.,v.,,
2153,charge ,n.,v.,,
2154,cheap ,adv.,,,
2155,cheat ,v.,n.,,
2156,cheat ,v.,n.,,
2157,cheerful ,adj.,,,
2158,chemical ,adj.,n.,,
2159,chemical ,adj.,n.,,
2160,chest ,n.,,,
2161,childhood ,n.,,,
2162,claim ,v.,n.,,
2163,claim ,v.,n.,,
2164,clause ,n.,,,
2165,clear ,v.,,,
2166,click ,v.,n.,,
2167,click ,v.,n.,,
2168,client ,n.,,,
2169,climb ,n.,,,
2170,close2 ,adv.,,,
2171,cloth ,n.,,,
2172,clue ,n.,,,
2173,coach ,v.,,,
2174,coal ,n.,,,
2175,coin ,n.,,,
2176,collection ,n.,,,
2177,coloured ,adj.,,,
2178,combine ,v.,,,
2179,comment ,v.,,,
2180,commercial ,adj.,n.,,
2181,commercial ,adj.,n.,,
2182,commit ,v.,,,
2183,communication ,n.,,,
2184,comparison ,n.,,,
2185,competitor ,n.,,,
2186,competitive ,adj.,,,
2187,complaint ,n.,,,
2188,complex ,adj.,,,
2189,concentrate ,v.,,,
2190,conclude ,v.,,,
2191,conclusion ,n.,,,
2192,confident ,adj.,,,
2193,confirm ,v.,,,
2194,confuse ,v.,,,
2195,confused ,adj.,,,
2196,connection ,n.,,,
2197,consequence ,n.,,,
2198,consist ,v.,,,
2199,consume ,v.,,,
2200,consumer ,n.,,,
2201,contact ,n.,v.,,
2202,contact ,n.,v.,,
2203,container ,n.,,,
2204,content1 ,n.,,,
2205,continuous ,adj.,,,
2206,contrast ,n.,v.,,
2207,contrast ,n.,v.,,
2208,convenient ,adj.,,,
2209,convince ,v.,,,
2210,cool ,v.,,,
2211,costume ,n.,,,
2212,cottage ,n.,,,
2213,cotton ,n.,,,
2214,count ,n.,,,
2215,countryside ,n.,,,
2216,court ,n.,,,
2217,cover ,n.,,,
2218,covered ,adj.,,,
2219,cream ,adj.,,,
2220,criminal ,adj.,,,
2221,cruel ,adj.,,,
2222,cultural ,adj.,,,
2223,currency ,n.,,,
2224,current ,adj.,,,
2225,currently ,adv.,,,
2226,curtain ,n.,,,
2227,custom ,n.,,,
2228,cut ,n.,,,
2229,daily ,adv.,,,
2230,damage ,n.,v.,,
2231,damage ,n.,v.,,
2232,deal ,n.,,,
2233,decade ,n.,,,
2234,decorate ,v.,,,
2235,deep ,adv.,,,
2236,define ,v.,,,
2237,definite ,adj.,,,
2238,definition ,n.,,,
2239,deliver ,v.,,,
2240,departure ,n.,,,
2241,despite ,prep.,,,
2242,destination ,n.,,,
2243,determine ,v.,,,
2244,determined ,adj.,,,
2245,development ,n.,,,
2246,diagram ,n.,,,
2247,diamond ,n.,,,
2248,difficulty ,n.,,,
2249,direct ,v.,adv.,,
2250,direct ,v.,adv.,,
2251,directly ,adv.,,,
2252,dirt ,n.,,,
2253,disadvantage ,n.,,,
2254,disappointed ,adj.,,,
2255,disappointing ,adj.,,,
2256,discount ,n.,,,
2257,dislike ,v.,n.,,
2258,dislike ,v.,n.,,
2259,divide ,v.,,,
2260,documentary ,n.,,,
2261,donate ,v.,,,
2262,double ,adv.,,,
2263,doubt ,n.,v.,,
2264,doubt ,n.,v.,,
2265,dressed ,adj.,,,
2266,drop ,n.,,,
2267,drum ,n.,,,
2268,drunk ,adj.,,,
2269,due ,adj.,,,
2270,dust ,n.,,,
2271,duty ,n.,,,
2272,earthquake ,n.,,,
2273,eastern ,adj.,,,
2274,economic ,adj.,,,
2275,economy ,n.,,,
2276,edge ,n.,,,
2277,editor ,n.,,,
2278,educate ,v.,,,
2279,educated ,adj.,,,
2280,educational ,adj.,,,
2281,effective ,adj.,,,
2282,effectively ,adv.,,,
2283,effort ,n.,,,
2284,election ,n.,,,
2285,element ,n.,,,
2286,embarrassed ,adj.,,,
2287,embarrassing ,adj.,,,
2288,emergency ,n.,,,
2289,emotion ,n.,,,
2290,employment ,n.,,,
2291,empty ,v.,,,
2292,encourage ,v.,,,
2293,enemy ,n.,,,
2294,engaged ,adj.,,,
2295,engineering ,n.,,,
2296,entertain ,v.,,,
2297,entertainment ,n.,,,
2298,entrance ,n.,,,
2299,entry ,n.,,,
2300,environmental ,adj.,,,
2301,episode ,n.,,,
2302,equal ,adj.,v.,,
2303,equal ,adj.,v.,,
2304,equally ,adv.,,,
2305,escape ,v.,n.,,
2306,escape ,v.,n.,,
2307,essential ,adj.,,,
2308,eventually ,adv.,,,
2309,examine ,v.,,,
2310,except ,conj.,,,
2311,exchange ,n.,v.,,
2312,exchange ,n.,v.,,
2313,excitement ,n.,,,
2314,exhibition ,n.,,,
2315,expand ,v.,,,
2316,expected ,adj.,,,
2317,expedition ,n.,,,
2318,experience ,v.,,,
2319,experienced ,adj.,,,
2320,experiment ,v.,,,
2321,explode ,v.,,,
2322,explore ,v.,,,
2323,explosion ,n.,,,
2324,export ,n.,v.,,
2325,export ,n.,v.,,
2326,extra ,n.,adv.,,
2327,extra ,n.,adv.,,
2328,face ,v.,,,
2329,fairly ,adv.,,,
2330,familiar ,adj.,,,
2331,fancy ,v.,adj.,,
2332,fancy ,v.,adj.,,
2333,far ,adj.,,,
2334,fascinating ,adj.,,,
2335,fashionable ,adj.,,,
2336,fasten ,v.,,,
2337,favour ,n.,,,
2338,fear ,v.,,,
2339,feature ,v.,,,
2340,fence ,n.,,,
2341,fighting ,n.,,,
2342,file ,n.,,,
2343,financial ,adj.,,,
2344,fire ,v.,,,
2345,fitness ,n.,,,
2346,fixed ,adj.,,,
2347,flag ,n.,,,
2348,flood ,n.,v.,,
2349,flood ,n.,v.,,
2350,flour ,n.,,,
2351,flow ,v.,n.,,
2352,flow ,v.,n.,,
2353,fold ,v.,,,
2354,folk ,n.,adj.,,
2355,folk ,n.,adj.,,
2356,following ,n.,,,
2357,force ,n.,v.,,
2358,force ,n.,v.,,
2359,forever ,adv.,,,
2360,frame ,n.,v.,,
2361,frame ,n.,v.,,
2362,freeze ,v.,,,
2363,frequently ,adv.,,,
2364,friendship ,n.,,,
2365,frighten ,v.,,,
2366,frightened ,adj.,,,
2367,frightening ,adj.,,,
2368,frozen ,adj.,,,
2369,fry ,v.,,,
2370,fuel ,n.,,,
2371,function ,n.,,,
2372,fur ,n.,,,
2373,further ,adv.,,,
2374,garage ,n.,,,
2375,gather ,v.,,,
2376,generally ,adv.,,,
2377,generation ,n.,,,
2378,generous ,adj.,,,
2379,gentle ,adj.,,,
2380,gentleman ,n.,,,
2381,ghost ,n.,,,
2382,giant ,adj.,n.,,
2383,giant ,adj.,n.,,
2384,glad ,adj.,,,
2385,global ,adj.,,,
2386,glove ,n.,,,
2387,go ,n.,,,
2388,goods ,n.,,,
2389,grade ,n.,,,
2390,graduate ,n.,v.,,
2391,graduate ,n.,v.,,
2392,grain ,n.,,,
2393,grateful ,adj.,,,
2394,growth ,n.,,,
2395,guard ,n.,v.,,
2396,guard ,n.,v.,,
2397,guilty ,adj.,,,
2398,hand ,v.,,,
2399,hang ,v.,,,
2400,happiness ,n.,,,
2401,hardly ,adv.,,,
2402,hate ,n.,,,
2403,head ,v.,,,
2404,headline ,n.,,,
2405,heating ,n.,,,
2406,heavily ,adv.,,,
2407,helicopter ,n.,,,
2408,highlight ,v.,n.,,
2409,highlight ,v.,n.,,
2410,highly ,adv.,,,
2411,hire ,v.,,,
2412,historic ,adj.,,,
2413,historical ,adj.,,,
2414,honest ,adj.,,,
2415,horrible ,adj.,,,
2416,horror ,n.,,,
2417,host ,n.,,,
2418,hunt ,v.,,,
2419,hurricane ,n.,,,
2420,hurry ,n.,v.,,
2421,hurry ,n.,v.,,
2422,identity ,n.,,,
2423,ignore ,v.,,,
2424,illegal ,adj.,,,
2425,imaginary ,adj.,,,
2426,immediate ,adj.,,,
2427,immigrant ,n.,,,
2428,impact ,n.,v.,,
2429,impact ,n.,v.,,
2430,import ,n.,v.,,
2431,import ,n.,v.,,
2432,importance ,n.,,,
2433,impression ,n.,,,
2434,impressive ,adj.,,,
2435,improvement ,n.,,,
2436,incredibly ,adv.,,,
2437,indeed ,adv.,,,
2438,indicate ,v.,,,
2439,indirect ,adj.,,,
2440,indoor ,adj.,,,
2441,indoors ,adv.,,,
2442,influence ,n.,v.,,
2443,influence ,n.,v.,,
2444,ingredient ,n.,,,
2445,injure ,v.,,,
2446,injured ,adj.,,,
2447,innocent ,adj.,,,
2448,intelligence ,n.,,,
2449,intend ,v.,,,
2450,intention ,n.,,,
2451,invest ,v.,,,
2452,investigate ,v.,,,
2453,involved ,adj.,,,
2454,iron ,n.,v.,,
2455,iron ,n.,v.,,
2456,issue ,n.,,,
2457,IT ,n.,,,
2458,journal ,n.,,,
2459,judge ,n.,v.,,
2460,judge ,n.,v.,,
2461,keen ,adj.,,,
2462,key ,v.,,,
2463,keyboard ,n.,,,
2464,kick ,v.,n.,,
2465,kick ,v.,n.,,
2466,killing ,n.,,,
2467,kind ,adj.,,,
2468,kiss ,v.,n.,,
2469,kiss ,v.,n.,,
2470,knock ,n.,,,
2471,label ,n.,v.,,
2472,label ,n.,v.,,
2473,laboratory ,n.,,,
2474,lack ,n.,v.,,
2475,lack ,n.,v.,,
2476,latest ,adj.,,,
2477,lay ,v.,,,
2478,layer ,n.,,,
2479,lead1 ,n.,,,
2480,leading ,adj.,,,
2481,leaf ,n.,,,
2482,leather ,n.,,,
2483,legal ,adj.,,,
2484,leisure ,n.,,,
2485,length ,n.,,,
2486,level ,adj.,,,
2487,lie2 ,v.,n.,,
2488,lie2 ,v.,n.,,
2489,like ,n.,,,
2490,limit ,n.,v.,,
2491,limit ,n.,v.,,
2492,lip ,n.,,,
2493,liquid ,n.,adj.,,
2494,liquid ,n.,adj.,,
2495,literature ,n.,,,
2496,live2 ,adj.,adv.,,
2497,live2 ,adj.,adv.,,
2498,living ,adj.,n.,,
2499,living ,adj.,n.,,
2500,local ,n.,,,
2501,locate ,v.,,,
2502,located ,adj.,,,
2503,location ,n.,,,
2504,lonely ,adj.,,,
2505,loss ,n.,,,
2506,luxury ,n.,,,
2507,mad ,adj.,,,
2508,magic ,n.,adj.,,
2509,magic ,n.,adj.,,
2510,mainly ,adv.,,,
2511,mall ,n.,,,
2512,management ,n.,,,
2513,market ,v.,,,
2514,marketing ,n.,,,
2515,marriage ,n.,,,
2516,meanwhile ,adv.,,,
2517,measure ,v.,n.,,
2518,measure ,v.,n.,,
2519,medium ,adj.,,,
2520,mental ,adj.,,,
2521,mention ,n.,,,
2522,mess ,n.,,,
2523,mild ,adj.,,,
2524,mine ,n.,,,
2525,mix ,v.,n.,,
2526,mix ,v.,n.,,
2527,mixture ,n.,,,
2528,mood ,n.,,,
2529,move ,n.,,,
2530,mud ,n.,,,
2531,murder ,n.,v.,,
2532,murder ,n.,v.,,
2533,muscle ,n.,,,
2534,musical ,n.,,,
2535,mystery ,n.,,,
2536,nail ,n.,,,
2537,narrative ,n.,adj.,,
2538,narrative ,n.,adj.,,
2539,nation ,n.,,,
2540,native ,adj.,n.,,
2541,native ,adj.,n.,,
2542,naturally ,adv.,,,
2543,necessarily ,adv.,,,
2544,need ,modal v.,,,
2545,needle ,n.,,,
2546,neighbourhood ,n.,,,
2547,neither ,adv.,,,
2548,net ,n.,,,
2549,next ,n.,,,
2550,nor ,conj./adv.,,,
2551,normal ,n.,,,
2552,northern ,adj.,,,
2553,note ,v.,,,
2554,now ,conj.,,,
2555,nuclear ,adj.,,,
2556,obvious ,adj.,,,
2557,obviously ,adv.,,,
2558,occasion ,n.,,,
2559,occur ,v.,,,
2560,odd ,adj.,,,
2561,official ,adj.,,,
2562,old-fashioned ,adj.,,,
2563,once ,conj.,,,
2564,operation ,n.,,,
2565,organized ,adj.,,,
2566,organizer ,n.,,,
2567,original ,n.,,,
2568,originally ,adv.,,,
2569,ought ,modal v.,,,
2570,ours ,pron.,,,
2571,outdoor ,adj.,,,
2572,outdoors ,adv.,,,
2573,pack ,n.,,,
2574,package ,n.,,,
2575,painful ,adj.,,,
2576,pale ,adj.,,,
2577,pan ,n.,,,
2578,participate ,v.,,,
2579,particularly ,adv.,,,
2580,pass ,n.,,,
2581,passion ,n.,,,
2582,path ,n.,,,
2583,payment ,n.,,,
2584,peaceful ,adj.,,,
2585,percentage ,n.,,,
2586,perfectly ,adv.,,,
2587,performance ,n.,,,
2588,personally ,adv.,,,
2589,persuade ,v.,,,
2590,photographer ,n.,,,
2591,photography ,n.,,,
2592,pin ,n.,v.,,
2593,pin ,n.,v.,,
2594,pipe ,n.,,,
2595,place ,v.,,,
2596,planning ,n.,,,
2597,pleasant ,adj.,,,
2598,pleasure ,n.,,,
2599,plenty ,pron.,,,
2600,plot ,n.,,,
2601,plus1 ,prep.,,,
2602,poem ,n.,,,
2603,poet ,n.,,,
2604,poetry ,n.,,,
2605,point ,v.,,,
2606,poison ,n.,v.,,
2607,poison ,n.,v.,,
2608,poisonous ,adj.,,,
2609,policy ,n.,,,
2610,political ,adj.,,,
2611,politician ,n.,,,
2612,politics ,n.,,,
2613,port ,n.,,,
2614,portrait ,n.,,,
2615,possibly ,adv.,,,
2616,pot ,n.,,,
2617,pour ,v.,,,
2618,poverty ,n.,,,
2619,powder ,n.,,,
2620,powerful ,adj.,,,
2621,practical ,adj.,,,
2622,pray ,v.,,,
2623,prayer ,n.,,,
2624,prediction ,n.,,,
2625,prepared ,adj.,,,
2626,presentation ,n.,,,
2627,press ,n.,v.,,
2628,press ,n.,v.,,
2629,pressure ,n.,,,
2630,pretend ,v.,,,
2631,previous ,adj.,,,
2632,previously ,adv.,,,
2633,priest ,n.,,,
2634,primary ,adj.,,,
2635,prince ,n.,,,
2636,princess ,n.,,,
2637,printing ,n.,,,
2638,prisoner ,n.,,,
2639,private ,adj.,,,
2640,producer ,n.,,,
2641,production ,n.,,,
2642,profession ,n.,,,
2643,profit ,n.,,,
2644,program ,v.,,,
2645,promote ,v.,,,
2646,proper ,adj.,,,
2647,properly ,adv.,,,
2648,property ,n.,,,
2649,protest ,n.,v.,,
2650,protest ,n.,v.,,
2651,proud ,adj.,,,
2652,prove ,v.,,,
2653,pull ,n.,,,
2654,punish ,v.,,,
2655,punishment ,n.,,,
2656,push ,n.,,,
2657,qualification ,n.,,,
2658,qualified ,adj.,,,
2659,qualify ,v.,,,
2660,queue ,n.,v.,,
2661,queue ,n.,v.,,
2662,quit ,v.,,,
2663,quotation ,n.,,,
2664,quote ,v.,n.,,
2665,quote ,v.,n.,,
2666,race ,n.,,,
2667,racing ,n.,,,
2668,range ,n.,,,
2669,rare ,adj.,,,
2670,rarely ,adv.,,,
2671,reaction ,n.,,,
2672,reality ,n.,,,
2673,receipt ,n.,,,
2674,recommendation ,n.,,,
2675,reference ,n.,,,
2676,reflect ,v.,,,
2677,regularly ,adv.,,,
2678,reject ,v.,,,
2679,relate ,v.,,,
2680,related ,adj.,,,
2681,relation ,n.,,,
2682,relative ,adj.,n.,,
2683,relative ,adj.,n.,,
2684,relaxed ,adj.,,,
2685,relaxing ,adj.,,,
2686,release ,v.,n.,,
2687,release ,v.,n.,,
2688,reliable ,adj.,,,
2689,religion ,n.,,,
2690,religious ,adj.,,,
2691,remain ,v.,,,
2692,remind ,v.,,,
2693,remote ,adj.,,,
2694,rent ,n.,v.,,
2695,rent ,n.,v.,,
2696,repair ,n.,,,
2697,repeat ,n.,,,
2698,repeated ,adj.,,,
2699,represent ,v.,,,
2700,request ,v.,,,
2701,require ,v.,,,
2702,reservation ,n.,,,
2703,resource ,n.,,,
2704,respect ,n.,v.,,
2705,respect ,n.,v.,,
2706,responsibility ,n.,,,
2707,responsible ,adj.,,,
2708,result ,v.,,,
2709,retire ,v.,,,
2710,retired ,adj.,,,
2711,revise ,v.,,,
2712,ring2 ,n.,,,
2713,rise ,n.,,,
2714,risk ,n.,v.,,
2715,risk ,n.,v.,,
2716,robot ,n.,,,
2717,roll ,v.,n.,,
2718,roll ,v.,n.,,
2719,romantic ,adj.,,,
2720,rope ,n.,,,
2721,rough ,adj.,,,
2722,row1 ,n.,,,
2723,royal ,adj.,,,
2724,rugby ,n.,,,
2725,rule ,v.,,,
2726,safety ,n.,,,
2727,sail ,n.,,,
2728,sailor ,n.,,,
2729,sample ,n.,,,
2730,sand ,n.,,,
2731,scan ,v.,,,
2732,scientific ,adj.,,,
2733,script ,n.,,,
2734,sculpture ,n.,,,
2735,secondary ,adj.,,,
2736,security ,n.,,,
2737,seed ,n.,,,
2738,sensible ,adj.,,,
2739,separate ,v.,,,
2740,seriously ,adv.,,,
2741,servant ,n.,,,
2742,set ,v.,,,
2743,set ,n.,,,
2744,setting ,n.,,,
2745,sex ,n.,,,
2746,sexual ,adj.,,,
2747,shake ,n.,,,
2748,share ,n.,,,
2749,sharp ,adj.,,,
2750,shelf ,n.,,,
2751,shell ,n.,,,
2752,shift ,n.,,,
2753,shine ,v.,,,
2754,shiny ,adj.,,,
2755,shoot ,v.,,,
2756,shy ,adj.,,,
2757,sight ,n.,,,
2758,signal ,n.,v.,,
2759,signal ,n.,v.,,
2760,silent ,adj.,,,
2761,silly ,adj.,,,
2762,similarity ,n.,,,
2763,similarly ,adv.,,,
2764,simply ,adv.,,,
2765,since ,adv.,,,
2766,sink ,v.,,,
2767,slice ,n.,v.,,
2768,slice ,n.,v.,,
2769,slightly ,adv.,,,
2770,slow ,v.,,,
2771,smart ,adj.,,,
2772,smooth ,adj.,,,
2773,software ,n.,,,
2774,soil ,n.,,,
2775,solid ,adj.,n.,,
2776,solid ,adj.,n.,,
2777,sort ,v.,,,
2778,southern ,adj.,,,
2779,specifically ,adv.,,,
2780,spending ,n.,,,
2781,spicy ,adj.,,,
2782,spirit ,n.,,,
2783,spoken ,adj.,,,
2784,spot ,n.,,,
2785,spread ,v.,,,
2786,spring ,v.,,,
2787,stadium ,n.,,,
2788,staff ,n.,,,
2789,standard ,n.,adj.,,
2790,standard ,n.,adj.,,
2791,state ,adj.,v.,,
2792,state ,adj.,v.,,
2793,statistic ,n.,,,
2794,statue ,n.,,,
2795,stick ,v.,,,
2796,stick ,n.,,,
2797,still ,adj.,,,
2798,store ,v.,,,
2799,stranger ,n.,,,
2800,strength ,n.,,,
2801,string ,n.,,,
2802,strongly ,adv.,,,
2803,studio ,n.,,,
2804,stuff ,n.,,,
2805,substance ,n.,,,
2806,successfully ,adv.,,,
2807,sudden ,adj.,,,
2808,suffer ,v.,,,
2809,suit ,v.,,,
2810,suitable ,adj.,,,
2811,summarize ,v.,,,
2812,summary ,n.,,,
2813,supply ,n.,v.,,
2814,supply ,n.,v.,,
2815,supporter ,n.,,,
2816,surely ,adv.,,,
2817,surface ,n.,,,
2818,survive ,v.,,,
2819,swim ,n.,,,
2820,switch ,v.,,,
2821,symptom ,n.,,,
2822,tail ,n.,,,
2823,talent ,n.,,,
2824,talented ,adj.,,,
2825,tape ,n.,,,
2826,tax ,n.,v.,,
2827,tax ,n.,v.,,
2828,technical ,adj.,,,
2829,technique ,n.,,,
2830,tend ,v.,,,
2831,tent ,n.,,,
2832,that ,adv.,,,
2833,theirs ,pron.,,,
2834,theme ,n.,,,
2835,theory ,n.,,,
2836,therefore ,adv.,,,
2837,this ,adv.,,,
2838,though ,conj.,adv.,,
2839,though ,conj.,adv.,,
2840,throat ,n.,,,
2841,throughout ,prep./adv.,,,
2842,tight ,adj.,,,
2843,till ,conj./prep.,,,
2844,tin ,n.,,,
2845,tiny ,adj.,,,
2846,tip ,v.,,,
2847,toe ,n.,,,
2848,tongue ,n.,,,
2849,total ,adj.,n.,,
2850,total ,adj.,n.,,
2851,totally ,adv.,,,
2852,touch ,n.,,,
2853,tour ,v.,,,
2854,trade ,n.,v.,,
2855,trade ,n.,v.,,
2856,translate ,v.,,,
2857,translation ,n.,,,
2858,transport ,v.,,,
2859,treat ,v.,,,
2860,treatment ,n.,,,
2861,trend ,n.,,,
2862,trick ,n.,v.,,
2863,trick ,n.,v.,,
2864,truth ,n.,,,
2865,tube ,n.,,,
2866,type ,v.,,,
2867,typically ,adv.,,,
2868,tyre ,n.,,,
2869,ugly ,adj.,,,
2870,unable ,adj.,,,
2871,uncomfortable ,adj.,,,
2872,underwear ,n.,,,
2873,unemployed ,adj.,,,
2874,unemployment ,n.,,,
2875,unfair ,adj.,,,
2876,union ,n.,,,
2877,unless ,conj.,,,
2878,unlike ,prep.,,,
2879,unlikely ,adj.,,,
2880,unnecessary ,adj.,,,
2881,unpleasant ,adj.,,,
2882,update ,v.,n.,,
2883,update ,v.,n.,,
2884,upon ,prep.,,,
2885,upset ,adj.,v.,,
2886,upset ,adj.,v.,,
2887,used1 ,adj.,,,
2888,used2 ,adj.,,,
2889,valuable ,adj.,,,
2890,value ,n.,,,
2891,various ,adj.,,,
2892,version ,n.,,,
2893,victim ,n.,,,
2894,view ,v.,,,
2895,viewer ,n.,,,
2896,violent ,adj.,,,
2897,volunteer ,n.,v.,,
2898,volunteer ,n.,v.,,
2899,vote ,n.,v.,,
2900,vote ,n.,v.,,
2901,warm ,v.,,,
2902,warn ,v.,,,
2903,warning ,n.,,,
2904,waste ,n.,v.,adj.,
2905,waste ,n.,v.,adj.,
2906,waste ,n.,v.,adj.,
2907,water ,v.,,,
2908,wave ,v.,,,
2909,weapon ,n.,,,
2910,weigh ,v.,,,
2911,western ,adj.,,,
2912,whatever ,det./pron.,,,
2913,whenever ,conj.,,,
2914,whether ,conj.,,,
2915,while ,n.,,,
2916,whole ,n.,,,
2917,will ,n.,,,
2918,win ,n.,,,
2919,wing ,n.,,,
2920,within ,prep.,,,
2921,wonder ,v.,n.,,
2922,wonder ,v.,n.,,
2923,wool ,n.,,,
2924,worldwide ,adj.,adv.,,
2925,worldwide ,adj.,adv.,,
2926,worry ,n.,,,
2927,worse ,adv.,,,
2928,worst ,adv.,,,
2929,worth ,adj.,,,
2930,written ,adj.,,,
2931,wrong ,adv.,,,
2932,yard ,n.,,,
2933,young ,n.,,,
2934,youth ,n.,,,
2935,abandon ,v.,,,
2936,absolute ,adj.,,,
2937,academic ,n.,,,
2938,acceptable ,adj.,,,
2939,accompany ,v.,,,
2940,account ,v.,,,
2941,accurate ,adj.,,,
2942,accuse ,v.,,,
2943,acknowledge ,v.,,,
2944,acquire ,v.,,,
2945,actual ,adj.,,,
2946,adapt ,v.,,,
2947,additional ,adj.,,,
2948,address ,v.,,,
2949,administration ,n.,,,
2950,adopt ,v.,,,
2951,advance ,n.,v.,adj.,
2952,advance ,n.,v.,adj.,
2953,advance ,n.,v.,adj.,
2954,affair ,n.,,,
2955,afterwards ,adv.,,,
2956,agency ,n.,,,
2957,agenda ,n.,,,
2958,aggressive ,adj.,,,
2959,aid ,n.,v.,,
2960,aid ,n.,v.,,
2961,aircraft ,n.,,,
2962,alarm ,v.,,,
2963,alter ,v.,,,
2964,amount ,v.,,,
2965,anger ,n.,,,
2966,angle ,n.,,,
2967,anniversary ,n.,,,
2968,annual ,adj.,,,
2969,anxious ,adj.,,,
2970,apparent ,adj.,,,
2971,apparently ,adv.,,,
2972,appeal ,n.,v.,,
2973,appeal ,n.,v.,,
2974,approach ,n.,v.,,
2975,approach ,n.,v.,,
2976,appropriate ,adj.,,,
2977,approval ,n.,,,
2978,approve ,v.,,,
2979,arise ,v.,,,
2980,armed ,adj.,,,
2981,arms ,n.,,,
2982,artificial ,adj.,,,
2983,artistic ,adj.,,,
2984,ashamed ,adj.,,,
2985,aspect ,n.,,,
2986,assess ,v.,,,
2987,assessment ,n.,,,
2988,associate ,v.,,,
2989,associated ,adj.,,,
2990,association ,n.,,,
2991,assume ,v.,,,
2992,attempt ,n.,v.,,
2993,attempt ,n.,v.,,
2994,back ,v.,,,
2995,bacteria ,n.,,,
2996,bar ,v.,,,
2997,barrier ,n.,,,
2998,basically ,adv.,,,
2999,battle ,v.,,,
3000,bear ,v.,,,
3001,beat ,n.,,,
3002,beg ,v.,,,
3003,being ,n.,,,
3004,bent ,adj.,,,
3005,bet ,v.,n.,,
3006,bet ,v.,n.,,
3007,beyond ,prep.,adv.,,
3008,beyond ,prep.,adv.,,
3009,bill ,v.,,,
3010,bitter ,adj.,,,
3011,blame ,v.,n.,,
3012,blame ,v.,n.,,
3013,blind ,adj.,,,
3014,bond ,n.,,,
3015,border ,v.,,,
3016,breast ,n.,,,
3017,brief ,adj.,,,
3018,broad ,adj.,,,
3019,broadcast ,v.,n.,,
3020,broadcast ,v.,n.,,
3021,budget ,n.,,,
3022,bullet ,n.,,,
3023,bunch ,n.,,,
3024,burn ,n.,,,
3025,bush ,n.,,,
3026,but ,prep.,,,
3027,cable ,n.,,,
3028,calculate ,v.,,,
3029,cancel ,v.,,,
3030,cancer ,n.,,,
3031,capable ,adj.,,,
3032,capacity ,n.,,,
3033,capture ,v.,n.,,
3034,capture ,v.,n.,,
3035,cast ,n.,v.,,
3036,cast ,n.,v.,,
3037,catch ,n.,,,
3038,cell ,n.,,,
3039,chain ,v.,,,
3040,chair ,v.,,,
3041,chairman ,n.,,,
3042,challenge ,v.,,,
3043,characteristic ,n.,adj.,,
3044,characteristic ,n.,adj.,,
3045,chart ,v.,,,
3046,chief ,adj.,n.,,
3047,chief ,adj.,n.,,
3048,circumstance ,n.,,,
3049,cite ,v.,,,
3050,citizen ,n.,,,
3051,civil ,adj.,,,
3052,classic ,adj.,n.,,
3053,classic ,adj.,n.,,
3054,close1 ,n.,,,
3055,closely ,adv.,,,
3056,collapse ,v.,n.,,
3057,collapse ,v.,n.,,
3058,combination ,n.,,,
3059,comfort ,n.,v.,,
3060,comfort ,n.,v.,,
3061,command ,n.,v.,,
3062,command ,n.,v.,,
3063,commission ,n.,v.,,
3064,commission ,n.,v.,,
3065,commitment ,n.,,,
3066,committee ,n.,,,
3067,commonly ,adv.,,,
3068,complex ,n.,,,
3069,complicated ,adj.,,,
3070,component ,n.,,,
3071,concentration ,n.,,,
3072,concept ,n.,,,
3073,concern ,n.,v.,,
3074,concern ,n.,v.,,
3075,concerned ,adj.,,,
3076,conduct ,v.,n.,,
3077,conduct ,v.,n.,,
3078,confidence ,n.,,,
3079,conflict ,n.,v.,,
3080,conflict ,n.,v.,,
3081,confusing ,adj.,,,
3082,conscious ,adj.,,,
3083,conservative ,adj.,n.,,
3084,conservative ,adj.,n.,,
3085,consideration ,n.,,,
3086,consistent ,adj.,,,
3087,constant ,adj.,,,
3088,constantly ,adv.,,,
3089,construct ,v.,,,
3090,construction ,n.,,,
3091,contemporary ,adj.,,,
3092,contest ,n.,v.,,
3093,contest ,n.,v.,,
3094,contract ,n.,v.,,
3095,contract ,n.,v.,,
3096,contribute ,v.,,,
3097,contribution ,n.,,,
3098,convert ,v.,,,
3099,convinced ,adj.,,,
3100,core ,n.,adj.,,
3101,core ,n.,adj.,,
3102,corporate ,adj.,,,
3103,council ,n.,,,
3104,county ,n.,,,
3105,courage ,n.,,,
3106,crash ,n.,v.,,
3107,crash ,n.,v.,,
3108,creation ,n.,,,
3109,creature ,n.,,,
3110,credit ,v.,,,
3111,crew ,n.,,,
3112,crisis ,n.,,,
3113,criterion ,n.,,,
3114,critic ,n.,,,
3115,critical ,adj.,,,
3116,criticism ,n.,,,
3117,criticize ,v.,,,
3118,crop ,n.,,,
3119,crucial ,adj.,,,
3120,cry ,n.,,,
3121,cure ,v.,n.,,
3122,cure ,v.,n.,,
3123,current ,n.,,,
3124,curve ,n.,v.,,
3125,curve ,n.,v.,,
3126,curved ,adj.,,,
3127,date ,v.,,,
3128,debate ,n.,v.,,
3129,debate ,n.,v.,,
3130,debt ,n.,,,
3131,decent ,adj.,,,
3132,declare ,v.,,,
3133,decline ,v.,n.,,
3134,decline ,v.,n.,,
3135,decoration ,n.,,,
3136,decrease ,v.,n.,,
3137,decrease ,v.,n.,,
3138,deeply ,adv.,,,
3139,defeat ,v.,n.,,
3140,defeat ,v.,n.,,
3141,defence ,n.,,,
3142,defend ,v.,,,
3143,delay ,v.,n.,,
3144,delay ,v.,n.,,
3145,deliberate ,adj.,,,
3146,deliberately ,adv.,,,
3147,delight ,v.,n.,,
3148,delight ,v.,n.,,
3149,delighted ,adj.,,,
3150,delivery ,n.,,,
3151,demand ,n.,v.,,
3152,demand ,n.,v.,,
3153,demonstrate ,v.,,,
3154,deny ,v.,,,
3155,depressed ,adj.,,,
3156,depressing ,adj.,,,
3157,depth ,n.,,,
3158,desert ,v.,,,
3159,deserve ,v.,,,
3160,desire ,n.,v.,,
3161,desire ,n.,v.,,
3162,desperate ,adj.,,,
3163,detail ,v.,,,
3164,detailed ,adj.,,,
3165,detect ,v.,,,
3166,dig ,v.,,,
3167,disc ,n.,,,
3168,discipline ,n.,,,
3169,discount ,v.,,,
3170,dishonest ,adj.,,,
3171,dismiss ,v.,,,
3172,display ,v.,n.,,
3173,display ,v.,n.,,
3174,distribute ,v.,,,
3175,distribution ,n.,,,
3176,district ,n.,,,
3177,divide ,n.,,,
3178,division ,n.,,,
3179,document ,v.,,,
3180,domestic ,adj.,,,
3181,dominate ,v.,,,
3182,downwards ,adv.,,,
3183,dozen ,n.,det.,,
3184,dozen ,n.,det.,,
3185,draft ,n.,v.,,
3186,draft ,n.,v.,,
3187,drag ,v. ,,,
3188,dramatic ,adj.,,,
3189,edit ,v.,,,
3190,edition ,n.,,,
3191,efficient ,adj.,,,
3192,elderly ,adj.,,,
3193,elect ,v.,,,
3194,elsewhere ,adv.,,,
3195,emerge ,v.,,,
3196,emotional ,adj.,,,
3197,emphasis ,n.,,,
3198,emphasize ,v.,,,
3199,enable ,v.,,,
3200,encounter ,v.,n.,,
3201,encounter ,v.,n.,,
3202,engage ,v.,,,
3203,enhance ,v.,,,
3204,enquiry ,n.,,,
3205,ensure ,v.,,,
3206,enthusiasm ,n.,,,
3207,enthusiastic ,adj.,,,
3208,entire ,adj.,,,
3209,entirely ,adv.,,,
3210,equal ,n.,,,
3211,establish ,v.,,,
3212,estate ,n.,,,
3213,estimate ,v.,n.,,
3214,estimate ,v.,n.,,
3215,ethical ,adj.,,,
3216,evaluate ,v.,,,
3217,even ,adj.,,,
3218,evil ,adj.,n.,,
3219,evil ,adj.,n.,,
3220,examination ,n.,,,
3221,excuse ,n.,v.,,
3222,excuse ,n.,v.,,
3223,executive ,n.,adj.,,
3224,executive ,n.,adj.,,
3225,existence ,n.,,,
3226,expectation ,n.,,,
3227,expense ,n.,,,
3228,exploration ,n.,,,
3229,expose ,v.,,,
3230,extend ,v.,,,
3231,extent ,n.,,,
3232,external ,adj.,,,
3233,extraordinary ,adj.,,,
3234,extreme ,n.,,,
3235,facility ,n.,,,
3236,failure ,n.,,,
3237,faith ,n.,,,
3238,fault ,n.,,,
3239,favour ,v.,,,
3240,feather ,n.,,,
3241,fee ,n.,,,
3242,feed ,n.,,,
3243,feedback ,n. ,,,
3244,feel, n.,,,
3245,fellow ,adj.,,,
3246,figure ,v.,,,
3247,file ,v.,,,
3248,finance ,n.,v.,,
3249,finance ,n.,v.,,
3250,finding ,n.,,,
3251,firm ,n.,,,
3252,fix ,n.,,,
3253,flame ,n.,,,
3254,flash ,n.,v.,,
3255,flash ,n.,v.,,
3256,flexible ,adj.,,,
3257,float ,v.,,,
3258,fold ,n.,,,
3259,folding ,adj.,,,
3260,following ,prep.,,,
3261,forgive ,v.,,,
3262,former ,adj.,,,
3263,fortune ,n.,,,
3264,forward ,adj.,,,
3265,found ,v.,,,
3266,free ,v.,,,
3267,freedom ,n.,,,
3268,frequency ,n.,,,
3269,fuel ,v.,,,
3270,fully ,adv.,,,
3271,function ,v.,,,
3272,fund ,n.,v.,,
3273,fund ,n.,v.,,
3274,fundamental ,adj.,,,
3275,funding ,n.,,,
3276,furthermore ,adv.,,,
3277,gain ,v.,n.,,
3278,gain ,v.,n.,,
3279,gang ,n.,,,
3280,generate ,v.,,,
3281,genre ,n.,,,
3282,govern ,v.,,,
3283,grab ,v.,,,
3284,grade ,v.,,,
3285,gradually ,adv.,,,
3286,grand ,adj.,,,
3287,grant ,v.,n.,,
3288,grant ,v.,n.,,
3289,guarantee ,v.,n.,,
3290,guarantee ,v.,n.,,
3291,handle ,v.,n.,,
3292,handle ,v.,n.,,
3293,harm ,n.,v.,,
3294,harm ,n.,v.,,
3295,harmful ,adj.,,,
3296,hearing ,n.,,,
3297,heaven ,n.,,,
3298,heel ,n.,,,
3299,hell ,n.,,,
3300,hesitate ,v.,,,
3301,high ,n.,,,
3302,hire ,n.,,,
3303,hold ,n.,,,
3304,hollow ,adj.,,,
3305,holy ,adj.,,,
3306,honour ,n.,v.,,
3307,honour ,n.,v.,,
3308,host ,v.,,,
3309,house ,v.,,,
3310,household ,n.,,,
3311,housing ,n.,,,
3312,humorous ,adj.,,,
3313,humour ,n.,,,
3314,hunt ,n.,,,
3315,hunting ,n.,,,
3316,hurt ,n.,,,
3317,ideal ,n.,,,
3318,illustrate ,v.,,,
3319,illustration ,n.,,,
3320,imagination ,n.,,,
3321,impatient ,adj.,,,
3322,imply ,v.,,,
3323,impose ,v.,,,
3324,impress ,v.,,,
3325,impressed ,adj.,,,
3326,inch ,n.,,,
3327,incident ,n.,,,
3328,income ,n.,,,
3329,increasingly ,adv.,,,
3330,industrial ,adj.,,,
3331,infection ,n.,,,
3332,inform ,v.,,,
3333,initial ,adj.,,,
3334,initially ,adv.,,,
3335,initiative ,n.,,,
3336,inner ,adj.,,,
3337,insight ,n.,,,
3338,insist ,v.,,,
3339,inspire ,v.,,,
3340,install ,v.,,,
3341,instance ,n.,,,
3342,institute ,n.,,,
3343,institution ,n.,,,
3344,insurance ,n.,,,
3345,intended ,adj.,,,
3346,intense ,adj.,,,
3347,internal ,adj.,,,
3348,interpret ,v.,,,
3349,interrupt ,v.,,,
3350,investigation ,n.,,,
3351,investment ,n.,,,
3352,issue ,v.,,,
3353,joy ,n.,,,
3354,judgement ,n.,,,
3355,junior ,adj.,,,
3356,justice ,n.,,,
3357,justify ,v.,,,
3358,labour ,n.,,,
3359,landscape ,n.,,,
3360,largely ,adv.,,,
3361,latest ,n.,,,
3362,launch ,v.,n.,,
3363,launch ,v.,n.,,
3364,leadership ,n.,,,
3365,league ,n.,,,
3366,lean ,v.,,,
3367,leave ,n.,,,
3368,level ,v.,,,
3369,licence ,n.,,,
3370,limited ,adj.,,,
3371,line ,v.,,,
3372,lively ,adj.,,,
3373,load ,n.,v.,,
3374,load ,n.,v.,,
3375,loan ,n.,,,
3376,logical ,adj.,,,
3377,long-term ,adj.,adv.,,
3378,long-term ,adj.,adv.,,
3379,loose ,adj.,,,
3380,lord ,n.,,,
3381,low ,n.,,,
3382,lower ,v.,,,
3383,lung ,n.,,,
3384,maintain ,v.,,,
3385,majority ,n.,,,
3386,make ,n.,,,
3387,map ,v.,,,
3388,mass ,n.,adj.,,
3389,mass ,n.,adj.,,
3390,massive ,adj.,,,
3391,master ,n.,v.,,
3392,master ,n.,v.,,
3393,matching ,adj.,,,
3394,material ,adj.,,,
3395,maximum ,adj.,n.,,
3396,maximum ,adj.,n.,,
3397,means ,n.,,,
3398,measurement ,n.,,,
3399,medium ,n.,,,
3400,melt ,v.,,,
3401,military ,adj.,n.,,
3402,military ,adj.,n.,,
3403,mineral ,n.,,,
3404,minimum ,adj.,n.,,
3405,minimum ,adj.,n.,,
3406,minister ,n.,,,
3407,minor ,adj.,,,
3408,minority ,n.,,,
3409,mission ,n.,,,
3410,mistake ,v.,,,
3411,mixed ,adj.,,,
3412,model ,v.,,,
3413,modify ,v.,,,
3414,monitor ,n.,v.,,
3415,monitor ,n.,v.,,
3416,moral ,adj.,n.,,
3417,moral ,adj.,n.,,
3418,motor ,n.,adj.,,
3419,motor ,n.,adj.,,
3420,mount ,v.,,,
3421,multiple ,adj.,,,
3422,multiply ,v.,,,
3423,mysterious ,adj.,,,
3424,narrow ,v.,,,
3425,national ,n.,,,
3426,neat ,adj.,,,
3427,negative ,n.,,,
3428,nerve ,n.,,,
3429,nevertheless ,adv.,,,
3430,nightmare ,n.,,,
3431,notion ,n.,,,
3432,numerous ,adj.,,,
3433,obey ,v.,,,
3434,object ,v.,,,
3435,objective ,n.,adj.,,
3436,objective ,n.,adj.,,
3437,obligation ,n.,,,
3438,observation ,n.,,,
3439,observe ,v.,,,
3440,obtain ,v.,,,
3441,occasionally ,adv.,,,
3442,offence ,n.,,,
3443,offend ,v.,,,
3444,offensive ,adj.,,,
3445,official ,n.,,,
3446,opening ,n.,,,
3447,operate ,v.,,,
3448,opponent ,n.,,,
3449,oppose ,v.,,,
3450,opposed ,adj.,,,
3451,opposition ,n.,,,
3452,organ ,n.,,,
3453,origin ,n.,,,
3454,otherwise ,adv.,,,
3455,outcome ,n.,,,
3456,outer ,adj.,,,
3457,outline ,n.,v.,,
3458,outline ,n.,v.,,
3459,overall ,adj.,adv.,,
3460,overall ,adj.,adv.,,
3461,owe ,v.,,,
3462,pace ,n.,v.,,
3463,pace ,n.,v.,,
3464,package ,v.,,,
3465,panel ,n.,,,
3466,parliament ,n.,,,
3467,participant ,n.,,,
3468,partly ,adv.,,,
3469,passage ,n.,,,
3470,patient ,adj.,,,
3471,pension1 ,n.,,,
3472,permanent ,adj.,,,
3473,permit ,v.,n.,,
3474,permit ,v.,n.,,
3475,perspective ,n.,,,
3476,phase ,n.,,,
3477,phenomenon ,n.,,,
3478,philosophy ,n.,,,
3479,pick ,n.,,,
3480,picture ,v.,,,
3481,pile ,n.,v.,,
3482,pile ,n.,v.,,
3483,pitch ,n.,,,
3484,plain ,adj.,,,
3485,plot ,v.,,,
3486,plus1 ,adj.,n.,conj.,
3487,plus1 ,adj.,n.,conj.,
3488,plus1 ,adj.,n.,conj.,
3489,pointed ,adj.,,,
3490,popularity ,n.,,,
3491,pose ,v.,,,
3492,position ,v.,,,
3493,positive ,n.,,,
3494,possess ,v.,,,
3495,potential ,adj.,n.,,
3496,potential ,adj.,n.,,
3497,power ,v.,,,
3498,praise ,n.,v.,,
3499,praise ,n.,v.,,
3500,pregnant ,adj.,,,
3501,preparation ,n.,,,
3502,presence ,n.,,,
3503,preserve ,v.,,,
3504,price ,v.,,,
3505,prime ,adj.,,,
3506,principle ,n.,,,
3507,print ,n.,,,
3508,priority ,n.,,,
3509,privacy ,n.,,,
3510,procedure ,n.,,,
3511,process ,v.,,,
3512,produce ,n.,,,
3513,professional ,n.,,,
3514,progress ,v.,,,
3515,project ,v.,,,
3516,proof ,n.,,,
3517,proposal ,n.,,,
3518,propose ,v.,,,
3519,prospect ,n.,,,
3520,protection ,n.,,,
3521,psychologist ,n.,,,
3522,psychology ,n.,,,
3523,publication ,n.,,,
3524,pupil ,n.,,,
3525,purchase ,n.,v.,,
3526,purchase ,n.,v.,,
3527,pure ,adj.,,,
3528,pursue ,v.,,,
3529,range ,v.,,,
3530,rank ,n.,v.,,
3531,rank ,n.,v.,,
3532,rapid ,adj.,,,
3533,rapidly ,adv.,,,
3534,rate ,v.,,,
3535,raw ,adj.,,,
3536,reach ,n.,,,
3537,realistic ,adj.,,,
3538,reasonable ,adj.,,,
3539,recall ,v.,,,
3540,recover ,v.,,,
3541,reduction ,n.,,,
3542,regard ,v.,n.,,
3543,regard ,v.,n.,,
3544,regional ,adj.,,,
3545,register ,v.,n.,,
3546,register ,v.,n.,,
3547,regret ,v.,n.,,
3548,regret ,v.,n.,,
3549,regulation ,n.,,,
3550,relatively ,adv.,,,
3551,relevant ,adj.,,,
3552,relief ,n.,,,
3553,rely ,v.,,,
3554,remark ,n.,v.,,
3555,remark ,n.,v.,,
3556,representative ,n.,adj.,,
3557,representative ,n.,adj.,,
3558,reputation ,n.,,,
3559,requirement ,n.,,,
3560,rescue ,v.,n.,,
3561,rescue ,v.,n.,,
3562,reserve ,n.,v.,,
3563,reserve ,n.,v.,,
3564,resident ,n.,adj.,,
3565,resident ,n.,adj.,,
3566,resist ,v.,,,
3567,resolve ,v.,,,
3568,resort ,n.,,,
3569,retain ,v.,,,
3570,reveal ,v.,,,
3571,revolution ,n.,,,
3572,reward ,n.,v.,,
3573,reward ,n.,v.,,
3574,rhythm ,n.,,,
3575,rid ,v.,,,
3576,root ,n.,,,
3577,round ,n.,,,
3578,routine ,adj.,,,
3579,rub ,v.,,,
3580,rubber ,n.,adj.,,
3581,rubber ,n.,adj.,,
3582,rural ,adj.,,,
3583,rush ,v.,n.,,
3584,rush ,v.,n.,,
3585,sample ,v.,,,
3586,satellite ,n.,,,
3587,satisfied ,adj.,,,
3588,satisfy ,v.,,,
3589,saving ,n.,,,
3590,scale ,n.,,,
3591,schedule ,v.,,,
3592,scheme ,n.,,,
3593,scream ,v.,n.,,
3594,scream ,v.,n.,,
3595,screen ,v.,,,
3596,seat ,v.,,,
3597,sector ,n.,,,
3598,secure ,v.,adj.,,
3599,secure ,v.,adj.,,
3600,seek ,v.,,,
3601,select ,v.,,,
3602,selection ,n.,,,
3603,self ,n.,,,
3604,senior ,adj.,,,
3605,sense ,v.,,,
3606,sensitive ,adj.,,,
3607,sentence ,v.,,,
3608,sequence ,n.,,,
3609,session ,n.,,,
3610,settle ,v.,,,
3611,severe ,adj.,,,
3612,shade ,n.,,,
3613,shadow ,n.,,,
3614,shallow ,adj.,,,
3615,shame ,n.,,,
3616,shape ,v.,,,
3617,shelter ,n.,v.,,
3618,shelter ,n.,v.,,
3619,shift ,v.,,,
3620,ship ,v.,,,
3621,shock ,n.,v.,,
3622,shock ,n.,v.,,
3623,shocked ,adj.,,,
3624,shooting ,n.,,,
3625,shot ,n.,,,
3626,significant ,adj.,,,
3627,significantly ,adv.,,,
3628,silence ,n.,,,
3629,silk ,n.,,,
3630,sincere ,adj.,,,
3631,slave ,n.,,,
3632,slide ,v.,n.,,
3633,slide ,v.,n.,,
3634,slight ,adj.,,,
3635,slip ,v.,,,
3636,slope ,n.,v.,,
3637,slope ,n.,v.,,
3638,solar ,adj.,,,
3639,somewhat ,adv.,,,
3640,soul ,n.,,,
3641,specialist ,n.,adj.,,
3642,specialist ,n.,adj.,,
3643,species ,n.,,,
3644,speed ,v.,,,
3645,spiritual ,adj.,,,
3646,split ,v.,n.,,
3647,split ,v.,n.,,
3648,sponsor ,v.,n.,,
3649,sponsor ,v.,n.,,
3650,spot ,v.,,,
3651,spread ,n.,,,
3652,stable ,adj.,,,
3653,stage ,v.,,,
3654,stand ,n.,,,
3655,stare ,v.,,,
3656,status ,n.,,,
3657,steady ,adj.,,,
3658,steel ,n.,,,
3659,steep ,adj.,,,
3660,step ,v.,,,
3661,sticky ,adj.,,,
3662,stiff ,adj.,,,
3663,stock ,n.,,,
3664,stream ,n.,,,
3665,stretch ,v.,n.,,
3666,stretch ,v.,n.,,
3667,strict ,adj.,,,
3668,strike ,v.,n.,,
3669,strike ,v.,n.,,
3670,structure ,v.,,,
3671,struggle ,v.,n.,,
3672,struggle ,v.,n.,,
3673,stuff ,v.,,,
3674,subject ,adj.,,,
3675,submit ,v.,,,
3676,sum ,n.,v.,,
3677,sum ,n.,v.,,
3678,surgery ,n.,,,
3679,surround ,v.,,,
3680,surrounding ,adj.,,,
3681,survey ,v.,,,
3682,suspect ,v.,n.,,
3683,suspect ,v.,n.,,
3684,swear ,v.,,,
3685,sweep ,v.,,,
3686,switch ,n.,,,
3687,sympathy ,n.,,,
3688,tale ,n.,,,
3689,tank ,n.,,,
3690,target ,v.,,,
3691,tear1 ,v.,n.,,
3692,tear1 ,v.,n.,,
3693,tear2 ,n.,,,
3694,temporary ,adj.,,,
3695,term ,v.,,,
3696,therapy ,n.,,,
3697,threat ,n.,,,
3698,threaten ,v.,,,
3699,thus ,adv.,,,
3700,time ,v.,,,
3701,title ,v.,,,
3702,tone ,n.,,,
3703,tough ,adj.,,,
3704,track ,v.,,,
3705,transfer ,v.,n.,,
3706,transfer ,v.,n.,,
3707,transform ,v.,,,
3708,transition ,n.,,,
3709,trial ,n.,,,
3710,trip ,v.,,,
3711,tropical ,adj.,,,
3712,trouble ,v.,,,
3713,truly ,adv.,,,
3714,trust ,n.,v.,,
3715,trust ,n.,v.,,
3716,try ,n.,,,
3717,tune ,n.,,,
3718,tunnel ,n.,,,
3719,ultimately ,adv.,,,
3720,unconscious ,adj.,,,
3721,unexpected ,adj.,,,
3722,unique ,adj.,,,
3723,universe ,n.,,,
3724,unknown ,adj.,,,
3725,upper ,adj.,,,
3726,upwards ,adv.,,,
3727,urban ,adj.,,,
3728,urge ,v.,,,
3729,value ,v.,,,
3730,vary ,v.,,,
3731,vast ,adj.,,,
3732,venue ,n.,,,
3733,very ,adj.,,,
3734,via ,prep.,,,
3735,victory ,n.,,,
3736,violence ,n.,,,
3737,virtual ,adj.,,,
3738,vision ,n.,,,
3739,visual ,adj.,,,
3740,vital ,adj.,,,
3741,vitamin ,n.,,,
3742,volume ,n.,,,
3743,wage ,n.,,,
3744,way ,adv.,,,
3745,weakness ,n.,,,
3746,wealth ,n.,,,
3747,wealthy ,adj.,,,
3748,whereas ,conj.,,,
3749,wherever ,conj.,,,
3750,whisper ,v.,n.,,
3751,whisper ,v.,n.,,
3752,whom ,pron.,,,
3753,widely ,adv.,,,
3754,wildlife ,n.,,,
3755,willing ,adj.,,,
3756,wind2 ,v.,,,
3757,wire ,n.,,,
3758,wise ,adj.,,,
3759,witness ,n.,v.,,
3760,witness ,n.,v.,,
3761,worse ,n.,,,
3762,worst ,n.,,,
3763,worth ,n.,,,
3764,wound ,n.,v.,,
3765,wound ,n.,v.,,
3766,wrap ,v.,,,
3767,wrong ,n.,,,
3768,yet ,conj.,,,
3769,zone ,n.,,,
